Feature,flaubert_base_cased,flaubert_base_uncased,flaubert_large_uncased,flaubert_small_cased,Mean Importance
Dim 626,0.01700310559006214,0.07678310046573529,0.0066925465838509,,0.03349291754654945
Dim 591,0.025551242236024903,0.03856287425149712,0.014468167701863436,,0.026194094729795152
Dim 609,0.01172748447204975,0.050179640718563005,0.00560559006211175,,0.022504238417574835
Dim 167,0.020279503105590114,0.03536260811709921,0.009064440993788858,0.024572981366459627,0.02231988339573445
Dim 169,0.02500388198757768,0.03857950765136409,0.015201863354037295,0.0066692546583850655,0.021363626912841032
Dim 739,0.0239868012422361,0.034787092481703384,0.0035287267080745003,,0.02076754014400466
Dim 691,0.03088897515527954,0.025662009314704047,0.0049456521739129995,,0.020498878881298862
Dim 617,0.010186335403726769,0.04566533599467747,0.002286490683229797,,0.019379387360544675
Dim 752,0.024359472049689496,0.03347970725216247,3.881987577639748e-05,,0.019292666392542786
Dim 36,0.03178959627329201,0.01169993346640061,0.01706133540372676,0.016052018633540437,0.019150720944239953
Dim 702,0.03209627329192549,0.017072521623419927,0.008210403726708107,,0.019126399547351177
Dim 748,0.029623447204969018,0.02449101796407195,0.002697981366459608,,0.018937482178500192
Dim 508,0.0486762422360249,0.011377245508982118,0.009635093167701917,0.005427018633540331,0.01877889988656232
Dim 982,,,0.01876552795031061,,0.01876552795031061
Dim 499,0.04873059006211182,0.015435795076513692,0.00479425465838505,0.00600543478260865,0.018741518644904802
Dim 634,0.0241847826086957,0.023193612774451186,0.008827639751552834,,0.018735345044899907
Dim 225,0.03013198757763984,0.02917831004657363,0.0013431677018633482,0.014118788819875806,0.018693063536488155
Dim 755,0.03000776397515535,0.021084497671324063,0.004712732919254616,,0.018601664855244674
Dim 580,0.012387422360248495,0.04155023286759826,0.0015450310559006134,,0.01849422876124912
Dim 747,0.022868788819875804,0.02233532934131743,0.00977096273291927,,0.01832502696470417
Dim 95,0.01847437888198765,0.03741516966067881,0.0038819875776397172,0.013478260869565297,0.018312449247467867
Dim 251,0.014072204968944176,0.03224218230206259,0.008474378881987581,0.01603649068322985,0.01770631420905605
Dim 656,0.03427018633540382,0.014980039920159737,0.0036995341614906533,,0.017649920139018067
Dim 484,0.04971273291925468,0.00807717897538262,0.002841614906832279,0.00963897515527954,0.01756762548918728
Dim 337,0.026824534161490752,0.022727877578177035,0.0059704968944098834,0.01472826086956526,0.017562792375910734
Dim 596,0.014258540372670879,0.026270791749833735,0.012057453416149114,,0.017528928512884578
Dim 71,0.03720108695652184,0.022781104457751247,0.003734472049689405,0.006230590062111751,0.017486813381518564
Dim 15,0.02630046583850939,0.03371257485029944,0.0056677018633539905,0.004208074534161458,0.017472204271581068
Dim 94,0.007841614906832285,0.04727544910179648,0.00017468944099378883,0.014499223602484533,0.01744774426302677
Dim 558,0.02375776397515534,0.027129075182967487,0.0011723602484471996,,0.017353066468856673
Dim 581,0.02949145962732929,0.018562874251497056,0.0039013975155279147,,0.01731857713145142
Dim 738,0.043672360248447256,0.004121756487025907,0.004056677018633509,,0.01728359791803556
Dim 136,0.017503881987577664,0.033429807052561634,0.005190217391304302,0.012771739130434837,0.01722391139046961
Dim 734,0.007729037267080742,0.03827012641383907,0.005667701863353981,,0.01722228851475793
Dim 13,0.027798913043478344,0.02200266134397875,0.013493788819875816,0.005485248447204919,0.017195152913634458
Dim 564,0.018377329192546633,0.03125748502994022,0.0018322981366459526,,0.017155704119710933
Dim 149,0.0026475155279502872,0.04616101131071203,0.014499223602484538,0.004767080745341577,0.017018707796622106
Dim 657,0.02479425465838515,0.017727877578177037,0.008458850931677059,,0.01699366105607975
Dim 233,0.023583074534161537,0.016091151031270862,0.005970496894409881,0.022267080745341655,0.016977950801295983
Dim 736,0.018913043478260942,0.014843646041250899,0.016525621118012476,,0.016760770212508106
Dim 724,0.023532608695652196,0.017361942781104516,0.009336180124223652,,0.01674357720032679
Dim 651,0.01636257763975162,0.02651363938789101,0.007107919254658361,,0.016661378760767
Dim 228,0.013132763975155339,0.042245508982035974,0.0027523291925465607,0.00839673913043483,0.016631835320043177
Dim 725,0.007239906832298119,0.024703925482368674,0.01763586956521745,,0.016526567293294745
Dim 568,0.027026397515527985,0.015489021956087898,0.006964285714285693,,0.016493235061967194
Dim 562,0.02165372670807457,0.011450432468396617,0.015958850931677024,,0.01635433670271607
Dim 638,0.02309394409937893,0.01920825016633405,0.006319875776397468,,0.016207356680703482
Dim 521,0.022360248447205047,0.01915169660678647,0.006975931677018607,,0.016162625577003372
Dim 730,0.03271739130434792,0.013968729208250248,0.0016576086956521668,,0.016114576402750113
Dim 683,0.021133540372670807,0.02142381902860952,0.005477484472049635,,0.01601161462444332
Dim 760,0.018893633540372736,0.020854956753160396,0.008163819875776426,,0.01597080338976985
Dim 658,0.0031715838509316515,0.0415236194278111,0.0031638198757763733,,0.01595300771817304
Dim 511,0.03198369565217391,0.02112774451097812,0.0004270186335403727,0.010034937888198791,0.015893349171222797
Dim 602,0.019064440993788876,0.02456420492348646,0.004037267080745307,,0.015888637666006882
Dim 396,0.007783385093167712,0.042332002661344,0.00024068322981366454,0.012798913043478324,0.015788746006950925
Dim 862,,,0.015690993788819944,,0.015690993788819944
Dim 184,0.013660714285714349,0.024181636726547027,0.012290372670807514,0.012115683229813736,0.015562101728220656
Dim 399,0.01952639751552799,0.02651696606786439,0.009483695652173947,0.006688664596273256,0.015553930957959896
Dim 106,0.022274844720496928,0.02695276114437803,0.001358695652173906,0.011463509316770263,0.01551245270845478
Dim 162,0.03165760869565225,0.013782435129740582,0.00042313664596273297,0.016005434782608716,0.01546715381349107
Dim 148,0.008404503105590058,0.025775116433799154,0.018668478260869596,0.009002329192546604,0.015462606748201352
Dim 519,0.01779503105590069,0.02196939454424489,0.006475155279503057,,0.015413193626549545
Dim 17,0.01792701863354046,0.019713905522288837,0.010038819875776456,0.013796583850931719,0.015369081970634368
Dim 642,0.004309006211180088,0.040116433799068624,0.001576086956521731,,0.015333842322256817
Dim 929,,,0.01531444099378889,,0.01531444099378889
Dim 466,0.03442158385093179,0.00608782435129739,0.00017857142857142854,0.02043866459627333,0.015281661056768486
Dim 256,0.016028726708074557,0.009807052561543631,0.020986024844720556,0.013986801242236089,0.015202151339143707
Dim 515,0.031094720496894473,0.010535595475715313,0.003757763975155251,,0.015129359982588346
Dim 1018,,,0.015108695652173989,,0.015108695652173989
Dim 144,0.028963509316770265,0.00904524284763811,0.014871894409937947,0.007507763975155256,0.015097102637375395
Dim 595,0.013781055900621179,0.027495009980040053,0.004002329192546554,,0.015092798357735929
Dim 382,0.018377329192546633,0.03174983366600145,0.0022787267080745174,0.007903726708074545,0.015077404068674286
Dim 668,0.01711568322981369,0.025013306719893654,0.003066770186335382,,0.015065253378680908
Dim 112,0.031253881987577684,0.013632734530938192,0.00787267080745341,0.007484472049689439,0.01506093984391468
Dim 215,0.013757763975155334,0.03309381237524958,0.0034743788819875513,0.009825310559006255,0.015037816447849682
Dim 130,0.012449534161490758,0.03555555555555561,0.00439052795031052,0.007371894409937879,0.014941878019323692
Dim 860,,,0.01487577639751563,,0.01487577639751563
Dim 461,0.0193012422360249,0.016250831669993405,0.004444875776397477,0.019437111801242284,0.014858515370914517
Dim 630,0.03003493788819885,0.011636726546906279,0.0029037267080745093,,0.014858463714393214
Dim 143,0.026362577639751635,0.022395209580838335,0.009666149068323013,0.0009161490683229794,0.014835021339308991
Dim 356,0.014701086956521768,0.01608782435129745,0.008222049689441012,0.02020574534161495,0.014804176584718795
Dim 460,0.025962732919254744,0.029068529607451824,0.0008307453416149065,0.003202639751552769,0.01476616190496856
Dim 45,0.027232142857142885,0.013865602129075257,0.005372670807453363,0.012546583850931721,0.014754249911150806
Dim 980,,,0.014751552795031122,,0.014751552795031122
Dim 697,0.022822204968944118,0.02116766467065874,0.0001669254658385093,,0.01471893170181379
Dim 349,0.02369177018633541,0.025565535595475804,0.0010791925465838468,0.008489906832298166,0.014706601290173307
Dim 254,0.026444099378882056,0.017268795741849693,0.009697204968944134,0.0049650621118011995,0.01459379055036927
Dim 183,0.02822981366459633,0.019381237524950155,0.005485248447204919,0.005232919254658341,0.014582304722852435
Dim 742,0.034223602484472176,0.008725881570192993,0.0004736024844720499,,0.014474362179712407
Dim 96,0.0344332298136647,0.016979374584165065,0.0019332298136645813,0.004472049689440957,0.014454470975233826
Dim 722,0.020648291925465908,0.015499001996008035,0.007146739130434776,,0.01443134435063624
Dim 451,0.025819099378882063,0.01835994677312049,0.00803959627329194,0.005500776397515479,0.014429854705702492
Dim 14,0.012177795031055979,0.021121091151031328,0.008218167701863364,0.016184006211180192,0.014425265023782715
Dim 295,0.025966614906832355,0.02626413838988701,0.0016071428571428463,0.0038392857142856827,0.014419295467036974
Dim 287,0.009677795031055956,0.0219727212242183,0.010854037267080813,0.015069875776397566,0.01439360732468816
Dim 552,0.030811335403726877,0.007588157019294773,0.00448757763975151,,0.014295690020924387
Dim 132,0.029192546583850953,0.016111111111111173,0.00105590062111801,0.010780279503105653,0.014284959454796447
Dim 690,0.01484083850931683,0.02737192282102472,0.000562888198757764,,0.014258549843033104
Dim 104,0.030419254658385166,0.007924151696606844,0.006727484472049649,0.011929347826087023,0.014250059663282171
Dim 406,0.021816770186335467,0.018636061210911558,0.013319099378882055,0.003202639751552775,0.014243642631920461
Dim 178,0.014200310559006276,0.034896872920825134,0.0016265527950310454,0.006203416149068272,0.014231788105982683
Dim 806,,,0.014204192546583916,,0.014204192546583916
Dim 277,0.016304347826087022,0.027854291417165722,0.004060559006211145,0.008423913043478275,0.014160777823235542
Dim 140,0.024145962732919274,0.017847638057218927,0.007107919254658372,0.0075155279503105535,0.014154261998776781
Dim 105,0.009790372670807491,0.03285429141716572,0.01022903726708079,0.0037383540372670507,0.014153013848080263
Dim 740,0.019930124223602543,0.0202628077178976,0.0022593167701863196,,0.014150749570562155
Dim 1014,,,0.01414208074534167,,0.01414208074534167
Dim 492,0.01819099378881995,0.02118097139055224,0.004180900621117974,0.012884316770186395,0.014109295642669141
Dim 488,0.022814440993788845,0.015618762475050002,0.004235248447204931,0.013486024844720534,0.014038619190191079
Dim 765,0.02784549689440996,0.009500998003992098,0.004755434782608652,,0.014033976560336904
Dim 157,0.017406832298136707,0.006972721224218243,0.014270186335403803,0.01724767080745343,0.013974352666303046
Dim 538,0.019844720496894463,0.020585495675316076,0.00147127329192546,,0.013967163154712
Dim 465,0.002022515527950296,0.032538256819693995,0.008575310559006245,0.012659161490683298,0.01394881109933346
Dim 608,0.023652950310559084,0.01604125083167005,0.0020846273291925286,,0.013926276157140552
Dim 328,0.030438664596273368,0.011989354624085229,0.006661490683229778,0.006529503105590035,0.013904753252294602
Dim 440,0.024557453416149115,0.016264138389886967,0.0075,0.0072204968944099305,0.013885522175111503
Dim 561,0.022278726708074598,0.014860279441117816,0.004464285714285673,,0.013867763954492693
Dim 275,0.02218555900621122,0.005083166999334616,0.010535714285714351,0.01765139751552796,0.013863959451697036
Dim 762,0.012771739130434856,0.014005322687957466,0.014623447204968994,,0.013800169674453772
Dim 934,,,0.013788819875776468,,0.013788819875776468
Dim 729,0.031451863354037296,0.008389886892880963,0.0014169254658385015,,0.013752891904252253
Dim 496,0.014693322981366516,0.02952428476380583,0.0016925465838509238,0.009056677018633556,0.013741707836914207
Dim 424,0.009755434782608749,0.022511643379906916,0.007690217391304348,0.015000000000000045,0.013739323888455016
Dim 338,0.017600931677018695,0.03373253493013984,0.0021583850931676868,0.001358695652173906,0.013712636838125033
Dim 719,0.02340062111801249,0.008832335329341365,0.008901397515527976,,0.01371145132096061
Dim 311,0.03880822981366468,0.007132401862940815,0.007857142857142865,0.0010364906832298112,0.013708566304244543
Dim 26,0.01779114906832305,0.02956753160345981,0.004079968944099345,0.003299689440993764,0.013684584764218993
Dim 393,0.024002329192546648,0.017238855622089194,0.00887810559006214,0.004530279503105554,0.013662392476950886
Dim 844,,,0.013633540372670868,,0.013633540372670868
Dim 645,0.008086180124223614,0.023769128409847035,0.00894021739130439,,0.01359850864179168
Dim 695,0.00968167701863359,0.027365269461077937,0.0036063664596273012,,0.013551104313112945
Dim 575,0.027453416149068433,0.008682634730538983,0.004448757763975114,,0.013528269547860844
Dim 531,0.006785714285714255,0.024491017964071948,0.00909549689440996,,0.013457409714732055
Dim 78,0.01920031055900626,0.031071190951430516,0.0022010869565217204,0.0011917701863353993,0.013416089663323473
Dim 563,0.016809006211180155,0.018263473053892254,0.0051475155279502634,,0.01340666493100756
Dim 274,0.0200427018633541,0.012139055222887633,0.0030978260869565016,0.018307453416149106,0.013396759147336835
Dim 198,0.020570652173913087,0.015888223552894265,0.008365683229813679,0.008738354037267115,0.013390728248472037
Dim 203,0.010729813664596336,0.016686626746507043,0.010997670807453497,0.014926242236024886,0.013335088363645442
Dim 565,0.034922360248447255,0.0038722554890219273,0.0010209627329192512,,0.013271859490129477
Dim 101,0.0176902173913044,0.02950765136393893,0.0028183229813664363,0.0029037267080745132,0.01322997961117107
Dim 588,0.029600155279503132,0.00786427145708586,0.0021118012422360103,,0.01319207599294167
Dim 593,0.019778726708074595,0.009634065202927549,0.010135869565217464,,0.013182887158739868
Dim 309,0.021708074534161514,0.016600133067198986,0.0048059006211179705,0.009600155279503149,0.013178565875495405
Dim 510,0.0224961180124224,0.019155023286759866,0.005069875776397466,0.0058579192546583305,0.013144734082559516
Dim 919,,,0.013105590062111871,,0.013105590062111871
Dim 25,0.003963509316770149,0.03642049234863624,0.0059549689440993245,0.0060364906832297595,0.013093865323183868
Dim 573,0.013482142857142934,0.019271457085828364,0.00652173913043474,,0.013091779691135346
Dim 592,0.007791149068322984,0.026400532268795882,0.00501940993788815,,0.013070363758335674
Dim 689,0.015690993788819947,0.022604790419161764,0.0008773291925465828,,0.013057704466842767
Dim 346,0.02249223602484476,0.01611443779108452,0.01331521739130441,0.0002600931677018634,0.013045496093733887
Dim 516,0.027829968944099476,0.01074517631403868,0.00045807453416149086,,0.01301107326409988
Dim 605,0.012072981366459684,0.018928809048569584,0.007907608695652176,,0.012969799703560483
Dim 298,0.02469720496894416,0.01587159015302732,0.005093167701863308,0.006145186335403675,0.012951787289809615
Dim 121,0.01899456521739135,0.0031603459747172056,0.004126552795031021,0.025473602484472127,0.012938766617902926
Dim 718,0.02313664596273296,0.006343978709248171,0.00931677018633543,,0.012932464952772187
Dim 2,0.0018206521739130336,0.02866600133067213,0.003253105590062088,0.017969720496894444,0.012927369897885423
Dim 170,0.016673136645962768,0.011932801064537674,0.0036374223602484166,0.019452639751552838,0.012923999955575423
Dim 445,0.020593944099378935,0.013978709248170403,0.005760869565217339,0.011335403726708127,0.0129172316598687
Dim 195,0.0030395962732919,0.026410512308716032,0.00028726708074534163,0.0217430124223603,0.012870097021278393
Dim 9,0.004549689440993747,0.03707584830339329,0.003000776397515506,0.006828416149068305,0.01286368257274271
Dim 300,0.01324922360248453,0.02300066533599475,0.0032802795031055634,0.011859472049689507,0.012847410122818587
Dim 660,0.017911490683229902,0.010392548236859698,0.01019409937888203,,0.012832712766323875
Dim 336,0.03032220496894415,0.013489687292082555,0.004802018633540327,0.002670807453416131,0.01282117958699579
Dim 579,0.006354813664596213,0.023399866932801123,0.008676242236024865,,0.012810307611140733
Dim 19,0.008940217391304376,0.030648702594810513,0.0002212732919254658,0.011327639751552845,0.0127844582573983
Dim 91,0.014375000000000058,0.015595475715236276,0.011397515527950373,0.009367236024844754,0.012683806817007865
Dim 644,0.005430900621117961,0.02879241516966081,0.003784937888198724,,0.0126694178929925
Dim 227,0.023520962732919305,0.006986027944111791,0.009922360248447256,0.010201863354037307,0.012657803569878914
Dim 50,0.026440217391304376,0.008519627411843027,0.0051125776397515045,0.01052795031055906,0.01265009318836449
Dim 175,0.002216614906832281,0.016809713905522335,0.008024068322981378,0.02349378881987583,0.012636046488802956
Dim 431,0.0235986024844721,0.023918829008649427,0.0018051242236024722,0.0011374223602484436,0.012614994519243111
Dim 401,0.023777173913043518,0.005286094477711191,0.006999223602484442,0.01439440993788825,0.01261422548278185
Dim 10,0.02204192546583855,0.01850632069194947,0.006304347826086909,0.0035908385093167392,0.012610858123297916
Dim 649,0.009503105590062158,0.019757152361942816,0.008563664596273307,,0.012607974182759427
Dim 369,0.024285714285714338,0.011170991350632134,0.006579968944099337,0.008385093167701892,0.012605441937036926
Dim 993,,,0.012577639751552863,,0.012577639751552863
Dim 161,0.008823757763975176,0.034760479041916315,0.005364906832298087,0.0012577639751552737,0.012551726903336212
Dim 464,0.008334627329192563,0.026606786427145885,0.008641304347826116,0.006587732919254617,0.012542612755854795
Dim 447,0.029941770186335464,0.01534264803725891,0.0024534161490683028,0.002371894409937873,0.012527432195650137
Dim 758,0.02039208074534164,0.014866932801064603,0.0022321428571428384,,0.01249705213451636
Dim 222,0.02607142857142863,0.0117498336660014,0.007760093167701871,0.004274068322981327,0.012463855932028306
Dim 491,0.03587344720496899,0.009680638722554959,0.0033773291925465582,0.0009045031055900608,0.012458979556415142
Dim 942,,,0.012453416149068378,,0.012453416149068378
Dim 171,0.007480590062111791,0.025924817032601532,0.011972049689441055,0.004312888198757727,0.012422586245728026
Dim 621,0.011871118012422447,0.004025282767797702,0.021354813664596312,,0.012417071481605488
Dim 672,0.005306677018633492,0.019903526280771855,0.012034161490683303,,0.012414788263362883
Dim 155,0.029743788819875834,0.00881237524950104,0.009833074534161533,0.0010364906832298101,0.012356432321692054
Dim 594,0.012453416149068378,0.018626081170991397,0.005683229813664543,,0.012254242377908106
Dim 687,0.0165760869565218,0.011127744510978104,0.009029503105590102,,0.012244444857696669
Dim 333,0.025465838509316805,0.01297737857618105,0.005947204968944043,0.004534161490683187,0.01223114588628127
Dim 145,0.013408385093167757,0.023779108449767175,0.003777173913043444,0.007880434782608694,0.012211275559646767
Dim 214,0.017414596273291977,0.007122421823020651,0.001350931677018628,0.02286878881987583,0.012189184648301772
Dim 704,0.016809006211180175,0.011906187624750543,0.007775621118012431,,0.012163604984647717
Dim 245,0.010341614906832337,0.023955422488356696,0.00027562111801242235,0.014041149068323046,0.012153451895381126
Dim 318,0.029169254658385144,0.00843646041250835,0.005551242236024798,0.005399844720496847,0.012139200506853784
Dim 879,,,0.012135093167701942,,0.012135093167701942
Dim 258,0.023722826086956597,0.01947438456420498,0.0007647515527950314,0.0045535714285713895,0.012128883408132
Dim 236,0.03187500000000005,0.007155688622754514,0.008400621118012446,0.0007453416149068322,0.01204416283891846
Dim 77,0.008788819875776415,0.03490685296074532,0.0017119565217391208,0.002663043478260848,0.012017668209130423
Dim 372,0.0037150621118012092,0.026457085828343344,0.0056909937888198195,0.012142857142857202,0.012001499717955392
Dim 414,0.011374223602484544,0.012751164337990735,0.004506987577639713,0.019138198757764017,0.011942643568969753
Dim 1011,,,0.011925465838509387,,0.011925465838509387
Dim 654,0.009359472049689456,0.023715901530272872,0.00269798136645961,,0.01192445164880731
Dim 678,0.02079192546583855,0.01393878908848975,0.0010364906832298101,,0.011922401745852703
Dim 331,0.015628881987577715,0.018130405854956785,0.002170031055900603,0.011754658385093219,0.011920994320882082
Dim 641,0.008920807453416165,0.016869594145043305,0.009930124223602534,,0.011906841940687335
Dim 749,0.011711956521739205,0.009956753160346039,0.014006211180124283,,0.011891640287403174
Dim 723,0.013090062111801293,0.013819028609447866,0.00856366459627332,,0.011824251772507495
Dim 670,0.026847826086956586,0.003552894211576812,0.005062111801242192,,0.01182094403325853
Dim 753,0.012010869565217462,0.0170192947438457,0.006420807453416106,,0.011816990587493088
Dim 82,0.00970496894409942,0.02587491683300076,0.006979813664596248,0.00467391304347822,0.011808403121293663
Dim 197,0.02142857142857151,0.022312042581503717,0.002034161490683216,0.0014324534161490629,0.011801807229226876
Dim 374,0.016308229813664653,0.01671324018629412,0.007612577639751553,0.00638586956521734,0.011754979301231917
Dim 570,0.01053959627329198,0.018160345974717277,0.0065605590062111354,,0.011753500418073465
Dim 135,0.029957298136646014,0.007757817697937511,0.0003183229813664597,0.008959627329192575,0.011748266536285641
Dim 855,,,0.011719720496894475,,0.011719720496894475
Dim 757,0.0052329192546583326,0.024787092481703358,0.005046583850931629,,0.011688865195764439
Dim 549,0.014130434782608756,0.017554890219560932,0.003291925465838484,,0.011659083489336058
Dim 601,0.028874223602484532,0.005831669993346624,0.0002251552795031056,,0.011643682958444755
Dim 425,0.019623447204968975,0.002045908183632717,0.010609472049689492,0.014266304347826136,0.01163628294652933
Dim 768,,,0.011622670807453488,,0.011622670807453488
Dim 635,0.0307453416149069,0.0004990019960079841,0.0035869565217391064,,0.011610433377551329
Dim 165,0.010597826086956589,0.025578842315369388,0.009972826086956555,0.0002795031055900621,0.011607249398718149
Dim 292,0.020069875776397565,0.017059214903526347,0.004805900621117967,0.00443322981366456,0.01159205527867661
Dim 453,0.01144798136645968,0.017648037258815766,0.0012965838509316704,0.015951086956521792,0.011585922358182225
Dim 359,0.021673136645962772,0.013532934131736589,0.003078416149068299,0.008047360248447231,0.011582961793803723
Dim 432,0.012453416149068391,0.01111111111111118,0.004864130434782565,0.017845496894409993,0.011568538647343033
Dim 124,0.00913819875776399,0.013043912175648766,0.011044254658385155,0.013008540372670858,0.011558726491117192
Dim 243,0.011152950310559065,0.018070525615435856,0.0027678571428571223,0.014239130434782659,0.011557615875908674
Dim 269,0.01396350931677026,0.01216899534264813,0.0032686335403726437,0.016766304347826114,0.011541860636904287
Dim 88,0.0013082298136645888,0.014913506320692006,0.006847826086956492,0.023039596273291985,0.011527289623651269
Dim 513,0.00824922360248449,0.021719893546240907,0.004328416149068283,,0.01143251109926456
Dim 567,0.0026281055900620916,0.016859614105123166,0.014809782608695707,,0.01143250076796032
Dim 713,0.01942934782608699,0.013027278775781833,0.0016731366459627245,,0.011376587749277182
Dim 362,0.010143633540372725,0.016051230871590168,0.004670031055900577,0.014464285714285768,0.011332295295537309
Dim 271,0.012107919254658447,0.022857618097139144,0.0012810559006211112,0.0089518633540373,0.011299614151613999
Dim 586,0.017604813664596323,0.006503659347970721,0.009774844720496943,,0.011294439244354663
Dim 55,0.007655279503105586,0.020212907518296786,0.00792701863354039,0.009332298136645977,0.011281875947897185
Dim 127,0.01571428571428575,0.012681304058549633,0.007993012422360252,0.008668478260869597,0.011264270114016308
Dim 733,0.02082298136645962,0.002295409181636711,0.01066770186335411,,0.011262030803816813
Dim 610,0.009821428571428628,0.010372588157019389,0.013443322981366523,,0.011212446569938181
Dim 250,0.009479813664596309,0.0002694610778443113,0.0030163043478260653,0.032057453416149156,0.01120575812660396
Dim 123,0.021405279503105615,0.019238190286094532,0.002430124223602464,0.0017119565217391206,0.011196387633635433
Dim 27,0.016634316770186394,0.021017964071856306,0.002763975155279481,0.004324534161490645,0.011185197539703205
Dim 276,0.0221118012422361,0.00238190286094476,0.003668478260869531,0.016564440993788836,0.011181655839459806
Dim 321,0.010524068322981405,0.018003992015968136,0.002317546583850915,0.01377329192546589,0.011154724712066588
Dim 477,0.00870341614906834,0.024713905522288835,0.0009666149068322951,0.010139751552795097,0.011130922032746142
Dim 361,0.010737577639751606,0.024996673320026638,0.007895962732919261,0.0007919254658385091,0.011105534789634004
Dim 21,0.010943322981366504,0.019437791084497745,0.0107375776397516,0.0032996894409937673,0.011104595286652405
Dim 877,,,0.011102484472049761,,0.011102484472049761
Dim 423,0.01407608695652181,0.014554224883566266,0.001731366459627319,0.014006211180124286,0.01109197236995992
Dim 463,0.022065217391304393,0.0013539587491683217,0.009611801242236073,0.011315993788819928,0.01108674279288218
Dim 4,0.021374223602484522,0.012877578176979413,0.00171583850931676,0.008326863354037284,0.011073625910704495
Dim 539,0.010139751552795078,0.014624085163007353,0.008420031055900643,,0.011061289257234356
Dim 8,0.01199534161490691,0.02503659347970734,0.000795807453416149,0.00637422360248443,0.011050491537628706
Dim 865,,,0.011048136645962792,,0.011048136645962792
Dim 444,0.014996118012422425,0.016151031270791816,0.0027756211180124005,0.010263975155279572,0.011046686389126554
Dim 800,,,0.011028726708074614,,0.011028726708074614
Dim 180,0.00992624223602489,0.01482368596141057,0.007030279503105568,0.012321428571428603,0.011025409067992408
Dim 257,0.004778726708074484,0.023246839654025343,0.002309782608695634,0.013753881987577694,0.01102230773959329
Dim 378,0.01962344720496901,0.012005988023952176,0.0058423913043477715,0.006607142857142825,0.011019742347602945
Dim 546,0.01315217391304353,0.015395874916833056,0.004499223602484432,,0.011015757477453673
Dim 652,0.010718167701863414,0.018300066533599536,0.00400232919254655,,0.011006854476003166
Dim 714,0.009499223602484516,0.013393213572854348,0.010120341614906887,,0.011004259596748583
Dim 529,0.024421583850931735,0.0062741184298070385,0.002302018633540358,,0.010999240304759711
Dim 675,0.010438664596273357,0.020971390552228984,0.001556677018633533,,0.010988910722378625
Dim 221,0.003998447204968906,0.020159680638722623,0.008245341614906853,0.011513975155279578,0.010979361153469489
Dim 152,0.022286490683229895,0.014351297405189685,0.0026863354037266886,0.004530279503105551,0.010963600748812955
Dim 114,0.013936335403726758,0.009447771124417902,0.003975155279503067,0.016490683229813712,0.01096248625936536
Dim 154,0.026878881987577676,0.0024650698602794196,0.01165760869565225,0.0027950310559005996,0.010949147899852487
Dim 456,0.01589673913043484,0.012411842980705336,0.00851708074534163,0.006913819875776379,0.010934870683064545
Dim 843,,,0.010920031055900677,,0.010920031055900677
Dim 703,0.010493012422360306,0.015844976713240252,0.00641304347826082,,0.010917010871287125
Dim 700,0.007340838509316767,0.02186959414504331,0.0035170807453415863,,0.01090917113323389
Dim 585,0.010151397515528012,0.010492348636061308,0.011983695652173979,,0.010875813934587766
Dim 880,,,0.01086568322981372,,0.01086568322981372
Dim 368,0.013272515527950373,0.02325681969394549,0.0012927018633540315,0.005640527950310504,0.010865641258890099
Dim 177,0.01130822981366467,0.00851630073186965,0.0038509316770186023,0.019596273291925516,0.01081793387861961
Dim 452,0.023509316770186393,0.006656686626746511,0.008435559006211193,0.004584627329192508,0.01079654743308415
Dim 54,0.012243788819875834,0.016816367265469104,0.005504658385093113,0.008555900621118035,0.010780178772889022
Dim 99,0.01580745341614914,0.005053226879574133,0.011479037267080818,0.010756987577639796,0.010774176285110973
Dim 115,0.005116459627329142,0.013938789088489749,0.016129658385093202,0.00783773291925466,0.010755660005041688
Dim 57,0.004918478260869513,0.03285761809713916,0.0009821428571428548,0.004262422360248412,0.010755165393849984
Dim 304,0.011028726708074614,0.008968729208250226,0.0021312111801242077,0.02072981366459632,0.010714620190261342
Dim 479,0.015663819875776468,0.006024617431803035,0.0015295031055900566,0.0195574534161491,0.010693848457329664
Dim 260,0.013501552795031128,0.021553559547571592,0.005050465838509273,0.002635869565217371,0.010685361936582342
Dim 497,0.010869565217391373,0.011397205588822406,0.014868012422360298,0.005458074534161444,0.010648214440683881
Dim 694,0.008361801242236037,0.02280106453759151,0.0007414596273291923,,0.010634775135718914
Dim 746,0.012251552795031128,0.012112441783100536,0.007511645962732905,,0.010625213513621523
Dim 1008,,,0.010625000000000046,,0.010625000000000046
Dim 589,0.004875776397515478,0.020385894876912895,0.0066032608695651826,,0.01062164404799785
Dim 301,0.018276397515528,0.014707252162342047,0.008656832298136661,0.0008268633540372664,0.010616836332510992
Dim 731,0.003474378881987548,0.02350964737192292,0.004848602484472004,,0.010610876246127492
Dim 59,0.0123757763975156,0.02277112441783109,0.004464285714285675,0.0027678571428571205,0.010594760918122371
Dim 37,0.023559782608695703,0.009836992681304127,0.007686335403726704,0.0012616459627329153,0.010586189164114863
Dim 604,0.016525621118012476,0.012511643379906914,0.0026086956521738946,,0.010548653383364429
Dim 122,0.012954192546583913,0.00995675316034604,0.004751552795031008,0.014522515527950367,0.010546253507477833
Dim 63,0.02215062111801248,0.01697604790419169,0.0024689440993788583,0.0004270186335403727,0.010505657938780852
Dim 500,0.000718167701863354,0.010558882235529025,0.013055124223602516,0.01760093167701865,0.010483276459503386
Dim 996,,,0.010473602484472102,,0.010473602484472102
Dim 367,0.016242236024844762,0.009664005322688034,0.011960403726708138,0.003947981366459595,0.010453656610175133
Dim 133,0.010640527950310617,0.015335994677312122,0.004670031055900577,0.011094720496894472,0.010435318545104447
Dim 0,0.01367624223602492,0.019594145043246924,0.008202639751552823,0.0002445652173913043,0.010429398062053992
Dim 493,0.022729037267080796,0.0004956753160345975,0.007375776397515525,0.011106366459627363,0.01042671386006457
Dim 377,0.017826086956521794,5.322687957418497e-05,0.007111801242236015,0.0166886645962733,0.010419944918651324
Dim 869,,,0.010419254658385151,,0.010419254658385151
Dim 545,0.011428571428571488,0.010229540918163763,0.009565217391304394,,0.010407776579346549
Dim 43,0.023614130434782693,0.0024085163007318486,0.0096622670807454,0.005788043478260827,0.010368239323630192
Dim 962,,,0.010353260869565272,,0.010353260869565272
Dim 502,0.01954580745341622,0.014394544244843708,0.004518633540372629,0.0029270186335403525,0.010346500968043229
Dim 430,0.015434782608695706,0.00939121756487032,0.006459627329192501,0.010062111801242288,0.010336934826000203
Dim 874,,,0.01033385093167706,,0.01033385093167706
Dim 390,0.006863354037267042,0.014730538922155745,0.002255434782608678,0.017461180124223652,0.01032762696656378
Dim 462,0.01354425465838514,0.005731869594145011,0.004103260869565178,0.017919254658385123,0.010324659945120114
Dim 761,0.016319875776397565,0.007947438456420547,0.006622670807453371,,0.010296661680090495
Dim 422,0.0038548136645962365,0.014467731204258193,0.013412267080745393,0.009437111801242293,0.01029298093771053
Dim 75,0.026688664596273358,0.002112441783100449,0.0014829192546583765,0.010846273291925527,0.010282574731489427
Dim 387,0.015081521739130488,0.01537924151696616,0.001459627329192539,0.009169254658385124,0.010272411310918578
Dim 910,,,0.010271739130434835,,0.010271739130434835
Dim 710,0.01815217391304353,0.006646706586826355,0.0060015527950310005,,0.010266811098300294
Dim 6,0.015531832298136698,0.013433133732535005,0.007053571428571401,0.005015527950310527,0.010258516352388409
Dim 528,0.021735248447205025,0.007947438456420524,0.0010830745341614862,,0.010255253812595679
Dim 418,0.020687111801242254,0.016067864271457136,0.00024844720496894416,0.003610248447204942,0.010153417931218319
Dim 12,0.012092391304347904,0.021284098469727248,0.0020846273291925317,0.005124223602484427,0.010146335176438028
Dim 705,0.013990683229813722,0.014906852960745258,0.0015139751552794942,,0.010137170448612825
Dim 676,0.013633540372670864,0.00970725216234205,0.007065217391304318,,0.010135336642105744
Dim 288,0.013684006211180185,0.009833666001330751,0.0018322981366459506,0.014965062111801299,0.010078758115239547
Dim 664,0.00380822981366456,0.020961410512308758,0.005399844720496842,,0.010056495015490052
Dim 189,0.017181677018633577,0.016167664670658763,0.0036568322981366144,0.0031987577639751305,0.01005123293785102
Dim 472,0.008093944099378882,0.005705256154357916,0.0204153726708075,0.005958850931676966,0.010043355964055317
Dim 76,0.01709627329192553,0.00949767132401871,0.007628105590062108,0.00587732919254653,0.010024844849638219
Dim 344,0.005353260869565164,0.022658017298735948,0.007166149068322969,0.004871894409937845,0.01001233041164048
Dim 248,0.00890916149068326,0.005598802395209537,0.011673136645962801,0.013769409937888246,0.009987627617435962
Dim 70,0.013738354037267161,0.006643379906852973,0.009266304347826113,0.010229037267080791,0.00996926888975676
Dim 265,0.009918478260869607,0.012109115103127134,0.004371118012422321,0.013462732919254728,0.009965361073918447
Dim 607,0.006184006211180065,0.018320026613439833,0.005353260869565166,,0.00995243123139502
Dim 375,0.008222049689441012,0.02102461743180308,0.009553571428571458,0.0010093167701863321,0.00995238883000047
Dim 884,,,0.009945652173913097,,0.009945652173913097
Dim 975,,,0.00994177018633545,,0.00994177018633545
Dim 366,0.0038858695652173587,0.01919827012641385,0.0021506211180124047,0.014522515527950348,0.00993931908439849
Dim 212,0.022577639751552855,0.010023286759813777,0.001583850931677011,0.0055007763975154795,0.00992138846013978
Dim 480,0.0014945652173912955,0.022727877578177097,0.008990683229813704,0.006409161490683183,0.00990557187901632
Dim 66,0.012336956521739202,0.014574184963406562,0.0024029503105589883,0.010240683229813705,0.009888693756379614
Dim 89,0.007631987577639746,0.0034830339321356967,0.006059782608695594,0.022375776397515562,0.00988764512899665
Dim 555,0.016494565217391358,0.005968063872255481,0.007189440993788813,,0.009884023361145218
Dim 709,0.02123059006211184,0.0042581503659347535,0.004122670807453384,,0.009870470411833325
Dim 833,,,0.0098680124223603,,0.0098680124223603
Dim 141,0.018066770186335443,0.007441783100465772,0.006587732919254624,0.007305900621117999,0.00985054670679346
Dim 478,0.007472826086956511,0.012192282102461812,0.011572204968944176,0.00815993788819877,0.009849312761640317
Dim 341,0.021603260869565256,0.0025548902195608567,0.0031832298136645703,0.012041925465838581,0.009845826592157315
Dim 524,0.013668478260869607,0.015192947438456483,0.0006754658385093169,,0.009845630512611803
Dim 636,0.004592391304347787,0.019278110445775144,0.005656055900621066,,0.009842185883581331
Dim 326,0.030003881987577752,0.0012508316699933412,0.004670031055900578,0.0032802795031055642,0.009801256054144308
Dim 999,,,0.009798136645962791,,0.009798136645962791
Dim 909,,,0.009798136645962765,,0.009798136645962765
Dim 350,0.009650621118012457,0.008992015968063947,0.004526397515527906,0.01594720496894417,0.00977905989263712
Dim 417,0.013994565217391345,0.00912508316699941,0.0034472049689440727,0.01253105590062117,0.009774477313488999
Dim 1004,,,0.009763198757764015,,0.009763198757764015
Dim 950,,,0.0097515527950311,,0.0097515527950311
Dim 268,0.005605590062111742,0.023493013972055943,0.0010869565217391263,0.008777173913043522,0.009740683617237584
Dim 252,0.006649844720496854,0.018113772455089903,0.007690217391304335,0.0064984472049689004,0.009738070442964998
Dim 90,0.015089285714285763,0.013656021290751873,0.0038586956521738797,0.006253881987577591,0.009714471161197277
Dim 688,0.01700310559006217,0.0057052561543579185,0.006428571428571381,,0.009712311057663823
Dim 270,0.0070263975155279235,0.02818695941450445,0.002499999999999983,0.0010830745341614868,0.00969910786604846
Dim 384,0.006929347826086935,0.01222554890219567,0.004809782608695608,0.014782608695652212,0.009686822008157606
Dim 283,0.025768633540372756,0.007195608782435144,0.0020341614906832168,0.0037072981366459315,0.00967642548753426
Dim 400,0.003916925465838472,0.01969394544244845,0.006937111801242203,0.008051242236024847,0.009649806236388494
Dim 449,0.0032763975155279197,0.017308715901530346,0.00042701863354037287,0.01753105590062118,0.009635796987804954
Dim 259,0.018074534161490755,0.010978043912175746,0.0012422360248447153,0.008245341614906847,0.009635038928354515
Dim 501,0.017298136645962782,0.011473719228210322,0.008004658385093172,0.0017197204968944012,0.00962405868904017
Dim 117,0.011094720496894486,0.0051596806387225,0.0014285714285714218,0.020663819875776413,0.009586698109991205
Dim 647,0.0024107142857142656,0.019637391882900906,0.00670419254658382,,0.009584099571732998
Dim 335,0.0033579192546583565,0.019594145043246892,0.00699145962732917,0.008388975155279515,0.009583124770128484
Dim 69,0.02185947204968946,0.004364604125083124,0.007111801242236,0.004988354037267033,0.009581057863568904
Dim 404,0.013590838509316831,0.0040718562874251085,0.009359472049689498,0.011281055900621173,0.009575805686763153
Dim 29,0.011785714285714366,0.015941450432468474,0.004580745341614861,0.005993788819875726,0.009575424719918357
Dim 506,0.01590838509316775,0.015565535595475778,0.00336956521739128,0.0034200310559005915,0.009565879240483851
Dim 669,0.011937111801242304,0.00976047904191624,0.0069642857142856885,,0.009553958852481411
Dim 522,0.01827639751552801,0.003493013972055857,0.006871118012422338,,0.009546843166668734
Dim 759,0.018051242236024886,0.0012142381902860886,0.009371118012422408,,0.009545532812911128
Dim 745,0.005446428571428521,0.014946773120425912,0.008222049689441017,,0.009538417127098483
Dim 741,0.006405279503105541,0.01750166333998676,0.0047010869565216945,,0.009536009933204666
Dim 620,0.022647515527950347,0.0045941450432467916,0.0013625776397515462,,0.009534746070316229
Dim 224,0.016475155279503165,0.0038157019294743485,0.0025931677018633348,0.015182453416149145,0.009516619581747498
Dim 735,0.0010675465838509272,0.0272055888223554,0.0002639751552795032,,0.009512370187161943
Dim 31,0.017259316770186384,0.003682634730538888,0.01407996894409945,0.002996894409937868,0.009504703713690646
Dim 1017,,,0.00949534161490688,,0.00949534161490688
Dim 97,0.0021312111801242077,0.023443113772455157,0.004068322981366422,0.00825698757763976,0.009474908877896386
Dim 613,0.010795807453416194,0.007149035262807732,0.010458074534161551,,0.009467639083461826
Dim 376,0.009363354037267126,0.005898203592814344,0.002298136645962715,0.020291149068323,0.009462710836091796
Dim 383,0.016688664596273352,0.012355289421157779,0.006653726708074493,0.0021079192546583723,0.009451399995040998
Dim 201,0.0033850931677018355,0.013912175648702651,0.011972049689441074,0.008509316770186348,0.009444658819007978
Dim 583,0.005244565217391256,0.019111776447105853,0.0039635093167701505,,0.009439950327089086
Dim 315,0.007476708074534144,0.004500998003991975,0.01208462732919261,0.013680124223602555,0.00943561440783032
Dim 81,0.010920031055900656,0.01037924151696615,0.007150621118012412,0.009266304347826115,0.009429049509676332
Dim 68,0.005283385093167649,0.021387225548902246,0.009188664596273337,0.001812888198757753,0.009418040859275245
Dim 206,0.011017080745341672,0.010622089155023372,0.007236024844720488,0.008738354037267106,0.00940338719558816
Dim 858,,,0.009371118012422385,,0.009371118012422385
Dim 785,,,0.009332298136646024,,0.009332298136646024
Dim 3,0.01905279503105594,0.0034530938123752165,0.007329192546583847,0.007387422360248441,0.009305625937565861
Dim 754,0.015850155279503172,0.010645375914837071,0.001420807453416142,,0.009305446215918793
Dim 571,0.008159937888198777,0.01580172987358622,0.0039402173913043155,,0.009300628384363104
Dim 612,0.0040100931677018265,0.01800731869594154,0.005854037267080695,,0.009290483043574686
Dim 402,0.002492236024844704,0.01746174318030613,0.005815217391304297,0.01132763975155285,0.009274209087001994
Dim 210,0.0038858695652173574,0.022358616101131146,0.006603260869565186,0.004246894409937853,0.009273660236462885
Dim 138,0.013260869565217454,0.01725548902195612,0.0006288819875776401,0.0059122670807452895,0.009264376913874125
Dim 673,0.019355590062111867,0.008093812375249547,0.0003066770186335403,,0.009252026485331652
Dim 792,,,0.009246894409937935,,0.009246894409937935
Dim 264,0.01743788819875782,0.014647371922821081,8.928571428571433e-05,0.004751552795031016,0.009231524657723908
Dim 814,,,0.009204192546583893,,0.009204192546583893
Dim 125,0.015617236024844777,0.0023685961410512117,0.006855590062111777,0.011968167701863411,0.009202397482467794
Dim 931,,,0.009149844720496922,,0.009149844720496922
Dim 305,0.020271739130434837,0.007651363938789117,0.006405279503105539,0.0022670807453415978,0.009148865829417773
Dim 923,,,0.009142080745341662,,0.009142080745341662
Dim 972,,,0.009142080745341646,,0.009142080745341646
Dim 467,0.016253881987577667,0.005528942115768425,0.007899844720496901,0.006785714285714259,0.009117095777389313
Dim 199,0.015333850931677044,0.015508982035928221,0.0007686335403726711,0.004825310559006164,0.009109194266746026
Dim 665,0.005543478260869514,0.010432468396540351,0.011207298136646025,,0.00906108159801863
Dim 448,0.016940993788819914,0.009856952761144455,0.004836956521739088,0.004607919254658344,0.00906070558159045
Dim 334,0.006486801242235987,0.014544244843646142,0.004992236024844676,0.010139751552795083,0.009040758415880472
Dim 911,,,0.009037267080745363,,0.009037267080745363
Dim 637,0.016086956521739176,0.0024683965402528085,0.008524844720496909,,0.009026732594162964
Dim 603,0.01365295031055906,0.010568862275449183,0.0028299689440993577,,0.009017260510035867
Dim 79,0.0020031055900620962,0.016300731869594187,0.0054541925465838035,0.012239906832298197,0.00899948420963457
Dim 35,0.00365683229813661,0.01631736526946112,0.010997670807453456,0.00497670807453412,0.008987144112396327
Dim 273,0.007659161490683236,0.013632734530938198,0.0051513975155279045,0.00948369565217396,0.008981747297330825
Dim 783,,,0.008944099378882017,,0.008944099378882017
Dim 434,0.015252329192546647,0.0005788423153692613,0.011576086956521781,0.008361801242236047,0.008942264926668435
Dim 728,0.008571428571428601,0.015522288755821784,0.002732919254658362,,0.008942212193969583
Dim 587,0.014398291925465906,0.009787092481703332,0.0026319875776397296,,0.008939123994936323
Dim 391,0.0039596273291925095,0.01641383898868933,0.010706521739130507,0.004596273291925424,0.008919065337234442
Dim 1002,,,0.008913043478260902,,0.008913043478260902
Dim 548,0.005733695652173855,0.008166999334664046,0.012833850931677089,,0.008911515306171664
Dim 139,0.02341614906832302,0.007361942781104474,0.0017663043478260755,0.00301630434782606,0.008890175136269907
Dim 780,,,0.008889751552795052,,0.008889751552795052
Dim 507,0.014347826086956571,0.004760479041916124,0.0007298136645962733,0.015714285714285743,0.008888101126938677
Dim 39,0.005974378881987518,0.009634065202927542,0.005236801242235973,0.014673913043478318,0.008879789592657339
Dim 53,0.006416925465838455,0.0065668662674650755,0.0036451863354036965,0.018850931677018696,0.00886997743643148
Dim 330,0.011871118012422447,0.012461743180306148,0.005516304347826032,0.005539596273291876,0.008847190453461625
Dim 194,0.006467391304347778,0.01816034597471732,0.006249999999999949,0.004503105590062074,0.00884521071728178
Dim 173,0.0024262422360248267,0.021227544910179696,0.004421583850931638,0.00727096273291924,0.00883658343251385
Dim 196,0.00984860248447209,0.00839986693280113,0.010038819875776431,0.007018633540372651,0.008826480708355575
Dim 526,0.008850931677018668,0.014614105123087246,0.002985248447204946,,0.00881676174910362
Dim 291,0.010372670807453467,0.017498336660013325,0.006249999999999941,0.0011218944099378836,0.008810725469351154
Dim 494,0.004693322981366415,0.009790419161676738,0.008427795031055934,0.012278726708074573,0.008797565970543415
Dim 918,,,0.008792701863354057,,0.008792701863354057
Dim 116,0.02214285714285717,0.00943779108449774,0.0009588509316770168,0.0025892857142856963,0.008782196218329406
Dim 648,4.6583850931677014e-05,0.02363273453093814,0.002651397515527934,,0.008776905299132583
Dim 380,0.0008152173913043473,0.017890884896872974,0.00903338509316775,0.007356366459627312,0.008773963460243096
Dim 892,,,0.00876164596273294,,0.00876164596273294
Dim 23,0.014697204968944144,0.004061876247504949,0.0026009316770186147,0.013517080745341659,0.008719273409702341
Dim 442,0.012472826086956585,0.009567531603459838,0.008621894409937918,0.004161490683229777,0.00870593569589603
Dim 179,0.00730590062111799,0.025252827677977478,0.0013354037267080668,0.0008928571428571417,0.008696747292165168
Dim 985,,,0.008687888198757784,,0.008687888198757784
Dim 680,0.008447204968944126,0.01115103127079181,0.006331521739130386,,0.008643252659622108
Dim 611,0.015473602484472116,0.008266799733865633,0.0021506211180124073,,0.00863034111211672
Dim 751,0.0021816770186335243,0.015019960079840383,0.008676242236024874,,0.008625959778166261
Dim 653,0.008652950310559035,0.0044777112441782676,0.0127368012422361,,0.008622487598991134
Dim 38,0.01020186335403733,0.005788423153692595,0.010151397515527995,0.008264751552795052,0.008601608894013242
Dim 411,0.013451086956521797,0.01935462408516305,0.0002756211180124225,0.0013237577639751503,0.008601272480918106
Dim 108,0.00036878881987577653,0.01788755821689958,0.010232919254658444,0.005830745341614861,0.008580002908262165
Dim 629,0.0029114906832297866,0.022644710578842337,0.00016304347826086963,,0.008573081580110999
Dim 119,0.004010093167701825,0.02011643379906856,0.008517080745341651,0.0016420807453416072,0.00857142211436341
Dim 883,,,0.008536490683229838,,0.008536490683229838
Dim 147,0.01902950310559012,0.004650698602794364,0.005442546583850883,0.004999999999999956,0.008530687073058832
Dim 599,0.006393633540372617,0.012957418496340726,0.006222826086956472,,0.00852462604122327
Dim 766,0.004006211180124188,0.0074051896207585205,0.014145962732919303,,0.008519121177934004
Dim 353,0.00448757763975151,0.014610778443113825,0.0064052795031055414,0.008567546583850956,0.008517795542455459
Dim 408,0.0051591614906831805,0.011829673985362698,0.011277173913043533,0.0058035714285713785,0.008517395204415197
Dim 622,0.008183229813664606,0.006530272787757825,0.010838509316770254,,0.00851733730606423
Dim 345,0.008206521739130461,0.012468396540252889,0.005046583850931632,0.008330745341614924,0.008513061867982476
Dim 559,0.004421583850931634,0.013888888888888973,0.007228260869565206,,0.008512911203128604
Dim 679,0.011972049689441065,0.010522288755821766,0.0030240683229813443,,0.008506135589414725
Dim 574,0.006455745341614864,0.018832335329341365,0.0001669254658385093,,0.008485002045598246
Dim 457,0.01367236024844729,0.012485029940119843,0.004041149068322947,0.0037344720496894105,0.008483252826644872
Dim 80,0.005846273291925405,0.01596473719228212,0.003284161490683203,0.008819875776397538,0.008478761937822068
Dim 219,0.00696040372670804,0.00674650698602796,0.007465062111801233,0.012694099378882053,0.008466518050854821
Dim 551,0.012628105590062182,0.008739188290086557,0.0040062111801241924,,0.008457835020090978
Dim 597,0.00727872670807452,0.01674983366600141,0.0013315217391304279,,0.008453360704402118
Dim 698,0.018555900621118074,0.002125748502993998,0.004670031055900583,,0.008450560060004218
Dim 342,0.003237577639751527,0.017618097139055298,0.012558229813664647,0.0003377329192546585,0.008437909377931532
Dim 905,,,0.008423913043478276,,0.008423913043478276
Dim 93,0.0004930124223602487,0.019171656686626803,0.008691770186335426,0.005322204968944047,0.008419661066066631
Dim 732,0.013967391304347872,0.005978043912175629,0.0053105590062111335,,0.008418664740911545
Dim 577,0.02175854037267088,0.003263473053892186,0.00020574534161490684,,0.00840925292272599
Dim 625,0.015861801242236056,0.0074184963406520674,0.0019371118012422217,,0.008405803128043449
Dim 111,0.016789596273291962,0.005735196274118397,0.004188664596273255,0.0068788819875776185,0.008398084782815307
Dim 61,0.00368400621118009,0.014557551563539665,0.0019681677018633433,0.013365683229813722,0.008393852176599204
Dim 348,0.0076746894409937885,0.018349966733200322,0.004949534161490642,0.0025698757763974963,0.008386016528020563
Dim 471,0.014701086956521774,0.0028110445775116196,0.006564440993788784,0.00946040372670811,0.008384244063632572
Dim 220,0.004394409937888154,0.002631403858948747,0.009211956521739175,0.017298136645962782,0.008383976741134714
Dim 901,,,0.008373447204968956,,0.008373447204968956
Dim 483,0.006397515527950265,0.005209580838323303,0.014021739130434883,0.007864906832298143,0.008373435582251648
Dim 469,0.009208074534161524,0.006523619427811049,0.009444875776397549,0.008194875776397523,0.008342861378691911
Dim 1005,,,0.008342391304347852,,0.008342391304347852
Dim 58,0.0004968944099378881,0.010402528276779843,0.010679347826087019,0.011789596273292,0.008342091696524188
Dim 527,0.01408385093167707,0.00634397870924815,0.004538043478260826,,0.008321957706395348
Dim 517,0.009534161490683268,0.013646041250831735,0.001758540372670799,,0.008312914371395268
Dim 655,0.007084627329192534,0.011021290751829758,0.006797360248447185,,0.008301092776489825
Dim 272,0.0048291925465838,0.01609447771124424,0.005900621118012372,0.006378105590062069,0.008300599241475621
Dim 495,0.015306677018633598,0.009251497005988107,0.007767857142857134,0.000815217391304348,0.008285312139695796
Dim 827,,,0.008249223602484503,,0.008249223602484503
Dim 343,0.007577639751552791,0.010938123752495098,0.012690217391304402,0.001758540372670799,0.008241130317005773
Dim 306,0.010927795031055967,0.007282102461743206,0.012965838509316839,0.0016459627329192465,0.008205424683758815
Dim 553,0.010003881987577694,0.010608782435129827,0.003979037267080711,,0.008197233896596079
Dim 319,0.011036490683229884,0.012874251497006078,0.002041925465838495,0.006809006211180101,0.008190418464313641
Dim 520,0.01541537267080752,0.004035262807717862,0.005104813664596229,,0.00818514971437387
Dim 317,0.01024068322981372,0.0031969394544244553,0.01065993788819881,0.008532608695652205,0.008157542317022298
Dim 216,0.0174767080745342,0.007115768463073875,0.005415372670807399,0.002527173913043457,0.008133755780364732
Dim 332,0.0007802795031055907,0.02009314703925489,0.007678571428571419,0.0039208074534161155,0.008118201356087004
Dim 312,0.0026708074534161266,0.021460412508316755,0.003497670807453387,0.0048330745341614465,0.00811549132583693
Dim 286,0.008249223602484491,0.0031969394544244557,0.008916925465838565,0.012038043478260922,0.008100283000252109
Dim 102,0.009852484472049729,0.003363273453093782,0.0012383540372670743,0.01791925465838512,0.008093341655198927
Dim 699,0.019006211180124286,0.000485695276114438,0.004763198757763928,,0.008085035071334217
Dim 187,0.013319099378882055,0.014461077844311427,0.0021079192546583714,0.0024417701863353883,0.00808246666604681
Dim 1001,,,0.008074534161490695,,0.008074534161490695
Dim 392,0.010019409937888246,0.00679973386560215,0.008284161490683251,0.0071700310559006,0.008068334087518562
Dim 623,0.01484472049689445,0.00542914171656682,0.003916925465838474,,0.008063595893099915
Dim 267,0.006494565217391256,0.008845642049234924,0.006921583850931639,0.009984472049689486,0.008061565791811828
Dim 137,0.007511645962732895,0.0039654025282767425,0.00777950310559006,0.012954192546583905,0.0080526860357959
Dim 263,0.004980590062111751,0.016703260146374008,0.0051436335403726215,0.005372670807453376,0.008050038639077939
Dim 482,0.002329192546583835,0.012202262142381976,0.012930900621118098,0.004736024844720456,0.008049595038701092
Dim 358,0.01778338509316778,0.007345309381237545,0.003746118012422326,0.003322981366459607,0.008049448463321816
Dim 253,0.022414596273291967,0.0027578176979374414,0.00398291925465835,0.003035714285714262,0.008047761877900505
Dim 438,0.015279503105590116,0.009883566200931554,0.0031444099378881703,0.0038586956521738784,0.00804154372414593
Dim 428,0.014208074534161546,0.0028010645375914577,0.010139751552795067,0.005011645962732877,0.008040134146820236
Dim 420,0.00935170807453419,0.012787757817698017,0.006828416149068294,0.0031521739130434567,0.00803001398858599
Dim 663,0.00510869565217386,0.011267465069860356,0.007713509316770187,,0.008029890012934802
Dim 158,0.007018633540372646,0.016307385229540977,0.007942546583850942,0.000846273291925466,0.008028709661422507
Dim 692,0.017717391304347897,0.0034896872920824693,0.00287655279503103,,0.008027877130487132
Dim 294,0.013070652173913094,0.008027278775781795,0.00786878881987578,0.003066770186335381,0.008008372488976512
Dim 40,0.008059006211180143,0.01124085163007326,0.007752329192546581,0.004902950310558968,0.007988784336089738
Dim 246,0.003027950310558984,0.012009314703925553,0.006343167701863308,0.010504658385093218,0.007971272775360267
Dim 355,0.010019409937888248,0.005252827677977328,0.00644798136645958,0.010147515527950346,0.007966933627568874
Dim 49,0.006545031055900576,0.01190286094477718,0.006832298136645923,0.006576086956521697,0.007964069273461345
Dim 98,0.0068711180124223226,0.011879574184963484,0.008734472049689461,0.004204192546583815,0.007922339198414771
Dim 696,0.006354813664596216,0.013875582168995383,0.003524844720496863,,0.007918413518029487
Dim 364,0.0032375776397515245,0.01658682634730544,0.008140527950310582,0.0035791925465838248,0.007886031120987843
Dim 978,,,0.007876552795031057,,0.007876552795031057
Dim 41,0.006680900621117974,0.011297405189620835,0.00962344720496901,0.003843167701863327,0.007861230179392787
Dim 537,0.011226708074534212,0.011463739188290167,0.0008618012422360242,,0.007850749501686802
Dim 241,0.0021040372670807295,0.013040585495675395,0.010520186335403787,0.005714285714285664,0.007844773703111395
Dim 569,0.014340062111801328,0.006786427145708568,0.002360248447204948,,0.007828912568238281
Dim 84,0.012364130434782687,0.0014238190286094401,0.014332298136646035,0.0031327639751552567,0.007813252893798354
Dim 659,0.010745341614906895,0.011633399866932858,0.000978260869565215,,0.007785667450468323
Dim 936,,,0.0077639751552795126,,0.0077639751552795126
Dim 207,0.012527173913043551,0.004953426480372539,0.003520962732919223,0.010034937888198795,0.007759125253633528
Dim 211,0.010361024844720545,0.001859614105123073,0.005947204968944043,0.012864906832298193,0.007758187687771463
Dim 279,0.0009239130434782588,0.010665335994677401,0.011657608695652263,0.00771350931677018,0.007740091762644526
Dim 850,,,0.007736801242236012,,0.007736801242236012
Dim 146,0.0024417701863353835,0.014564204923486411,0.00808229813664598,0.005857919254658332,0.007736548125281526
Dim 230,0.009704968944099416,0.00827677977378582,0.0074301242236024835,0.005485248447204924,0.007724280347173161
Dim 285,0.0063121118012421824,0.009464404524284813,0.0030590062111801003,0.012057453416149127,0.007723243988214055
Dim 33,0.006832298136645937,0.006460412508316697,0.00013198757763975162,0.017418478260869584,0.007710794120867993
Dim 172,0.003544254658385063,0.0028609447771124137,0.007806677018633546,0.016622670807453447,0.007708636815396117
Dim 1015,,,0.007690217391304348,,0.007690217391304348
Dim 756,0.008769409937888219,0.007847638057218932,0.006444099378881946,,0.007687049124663032
Dim 238,0.017402950310559075,0.003276779773785731,0.004347826086956483,0.005656055900621066,0.007670903017980589
Dim 107,0.005516304347826034,0.012924151696606871,0.003819875776397481,0.008388975155279515,0.007662326744027476
Dim 572,0.010473602484472102,0.008599467731204314,0.0039013975155279155,,0.007658155910401444
Dim 181,0.0026475155279502916,0.010236194278110525,0.007767857142857133,0.009972826086956557,0.007656098258968626
Dim 576,0.010974378881987625,0.010199600798403268,0.001715838509316759,,0.007629939396569217
Dim 737,0.0008889751552795014,0.0038290086493678994,0.018167701863354084,,0.007628561889333828
Dim 60,0.008447204968944116,0.017598137059214945,0.0005784161490683231,0.0038431677018633233,0.007616731469772676
Dim 509,0.025093167701863376,0.0023952095808383047,0.0012732919254658335,0.0016265527950310465,0.007597055500799641
Dim 388,0.0019953416149068176,0.014570858283433194,0.004079968944099342,0.00966226708074539,0.007577108980796186
Dim 153,0.0003066770186335403,0.019637391882900902,0.004673913043478214,0.005609472049689394,0.007556863498675513
Dim 916,,,0.007550465838509318,,0.007550465838509318
Dim 518,0.0018439440993788716,0.014627411842980756,0.006168478260869511,,0.0075466114010763795
Dim 166,0.0010986024844720456,0.0047904191616766,0.015469720496894488,0.008738354037267103,0.007524274045077559
Dim 726,0.011319875776397578,0.009650698602794489,0.0015566770186335338,,0.0075090837992752004
Dim 7,0.0032919254658384826,0.012837658017298813,0.0062111801242235535,0.007565993788819872,0.00747668934904518
Dim 85,0.0068944099378881706,0.010578842315369342,0.004134316770186299,0.008288043478260869,0.00747390312542617
Dim 412,0.009297360248447248,0.0019760479041916,0.009145962732919285,0.009468167701863395,0.007471884646855382
Dim 83,0.005314440993788767,0.01208582834331346,0.004192546583850896,0.008288043478260882,0.007470214849803501
Dim 943,,,0.007465062111801229,,0.007465062111801229
Dim 419,0.015361024844720572,0.0022355289421157496,0.012076863354037334,0.00015139751552795027,0.007456203664100402
Dim 650,0.015260093167701905,0.004268130405854915,0.0028144409937887983,,0.007447554855781874
Dim 454,0.007946428571428573,0.010149700598802486,0.006432453416149015,0.0051940993788819455,0.007430670491315506
Dim 213,0.00936335403726712,0.004996673320026567,0.0024689440993788604,0.012861024844720565,0.007422499075348279
Dim 774,,,0.007418478260869558,,0.007418478260869558
Dim 848,,,0.00741847826086955,,0.00741847826086955
Dim 218,0.015489130434782655,0.008037258815701985,0.0019409937888198612,0.004165372670807417,0.00740818892752798
Dim 284,0.01019798136645967,0.010392548236859698,0.0002950310559006212,0.008676242236024867,0.007390450723811215
Dim 398,0.014743788819875822,0.012621423819028685,0.0001242236024844721,0.0020069875776397403,0.007374105954757179
Dim 379,0.0053027950310558505,0.00273120425815034,0.00291537267080743,0.018497670807453428,0.007361760691866762
Dim 894,,,0.007360248447204962,,0.007360248447204962
Dim 763,0.006075310559006152,0.004188290086493638,0.011789596273291994,,0.007351065639597261
Dim 249,0.014184782608695707,0.0030505655355954507,0.00600931677018628,0.006152950310558957,0.0073494038062590986
Dim 389,0.005834627329192487,0.011799733865602197,0.0008190993788819873,0.010892857142857204,0.007336579429133469
Dim 310,0.014774844720496973,0.002238855622089137,0.005128105590062062,0.00719332298136645,0.007333782228503656
Dim 459,0.01195263975155285,0.0025748502994011758,0.002189440993788802,0.012558229813664657,0.007318790214601871
Dim 633,0.005609472049689389,0.00852295409181641,0.007787267080745342,,0.007306564407417047
Dim 164,0.013959627329192597,0.0031769793745841375,0.005768633540372616,0.006292701863353989,0.007299485526875835
Dim 190,0.007468944099378871,0.010146373918829098,0.009402173913043517,0.002162267080745325,0.007294939752999202
Dim 536,0.012453416149068369,0.0017930805056553425,0.007631987577639759,,0.007292828077454491
Dim 185,0.001983695652173897,0.021630073186959455,0.0053804347826086445,0.00015916149068322984,0.007288341278106307
Dim 370,0.009541925465838541,0.0055422488356619655,0.00031832298136645973,0.013691770186335469,0.0072735668673006085
Dim 956,,,0.007267080745341605,,0.007267080745341605
Dim 150,0.01021739130434788,0.00991350632069201,0.0030240683229813456,0.0059122670807452956,0.007266808257191632
Dim 856,,,0.007255434782608688,,0.007255434782608688
Dim 231,0.002903726708074508,0.005379241516966026,0.005275621118012376,0.015446428571428604,0.007251254478620379
Dim 888,,,0.007236024844720488,,0.007236024844720488
Dim 540,0.00422360248447201,0.013423153692614823,0.0039984472049689156,,0.007215067794018583
Dim 403,0.00019798136645962747,0.013629407850964798,0.008299689440993815,0.0067197204968943765,0.007211699788828154
Dim 803,,,0.0071739130434782345,,0.0071739130434782345
Dim 1000,,,0.007166149068322955,,0.007166149068322955
Dim 131,0.0021972049689440816,0.007594810379241555,0.010372670807453464,0.008451086956521775,0.007153943278040219
Dim 237,0.005263975155279454,0.013835662009314785,0.0012072981366459583,0.008303571428571443,0.007152626682452911
Dim 314,0.007457298136645952,0.007850964737192328,0.00475931677018629,0.00845885093167704,0.0071316076439254025
Dim 872,,,0.007127329192546568,,0.007127329192546568
Dim 159,0.012239906832298201,0.011154357950765215,0.0031482919254658143,0.0019448757763975044,0.0071218581212316836
Dim 290,0.005989906832298077,0.014088489687292155,0.0017041925465838433,0.0066731366459626944,0.007113931428034192
Dim 208,0.0003804347826086958,0.013100465735196323,0.0021622670807453282,0.012798913043478329,0.007110520160507169
Dim 191,0.0016381987577639638,0.01729873586161014,0.003881987577639719,0.005512422360248395,0.007082836139315554
Dim 282,0.01364906832298142,0.011846307385229621,0.001405279503105583,0.0014169254658385028,0.007079395169288781
Dim 667,0.010846273291925532,0.0050365934797072,0.005349378881987528,,0.00707741521787342
Dim 113,0.010143633540372734,0.009747172322022706,0.005155279503105547,0.0031754658385092925,0.00705538780100257
Dim 439,0.009631211180124265,0.011044577511643483,0.003171583850931648,0.004320652173913004,0.007042006179153099
Dim 182,0.02062111801242243,0.0037691284098469373,0.0019021739130434664,0.0018322981366459502,0.007031179617989696
Dim 421,0.0034394409937887884,0.007674650698602826,0.0005318322981366461,0.016436335403726722,0.007020564848563745
Dim 498,0.004118788819875733,0.011087824351297479,0.0011490683229813637,0.011673136645962798,0.007007204535029343
Dim 878,,,0.007003105590062087,,0.007003105590062087
Dim 409,0.0005434782608695655,0.01755489021956089,0.005559006211180072,0.004351708074534128,0.007002270691536164
Dim 266,0.008167701863354061,0.005815036593479684,0.002472826086956502,0.011510093167701928,0.006991414427873044
Dim 320,0.011261645962732991,0.008489687292082547,0.005011645962732874,0.003202639751552769,0.006991404742275296
Dim 835,,,0.006983695652173879,,0.006983695652173879
Dim 643,0.016261645962732985,0.0025349301397205393,0.002142857142857129,,0.006979811081770218
Dim 416,0.0059161490683229175,0.013240186294078573,0.00741847826086955,0.001195652173913038,0.00694261644929602
Dim 405,0.006114130434782551,0.014025282767797801,0.003229813664596247,0.004250776397515495,0.006905000816173023
Dim 832,,,0.006898291925465813,,0.006898291925465813
Dim 168,0.011657608695652253,0.007804391217564909,8.928571428571429e-05,0.008024068322981389,0.006893838487621066
Dim 426,0.02057065217391306,0.005375914836992627,0.00016692546583850924,0.0014208074534161426,0.006883574982540084
Dim 235,0.011933229813664632,0.009863606121091236,0.001226708074534156,0.0044720496894409545,0.006873898424682745
Dim 32,0.01394409937888203,0.00600465735196271,0.000873447204968943,0.00662655279503102,0.006862189182711176
Dim 717,0.003598602484472017,0.011320691949434553,0.005648291925465779,,0.006855862119790783
Dim 323,0.009949534161490732,0.004640718562874205,0.011754658385093243,0.0010597826086956488,0.006851173429538457
Dim 686,0.0011257763975155242,0.01613439787092489,0.0032802795031055664,,0.00684681792384866
Dim 786,,,0.006843944099378854,,0.006843944099378854
Dim 721,0.013990683229813769,0.0027278775781769573,0.003796583850931643,,0.006838381552974123
Dim 619,0.0013004658385093108,0.01743512974051901,0.001739130434782598,,0.006824908671270307
Dim 160,0.003920807453416113,0.0028143712574850072,0.009984472049689478,0.010489130434782645,0.006802195298843312
Dim 674,0.005718167701863296,0.005475715236194231,0.009204192546583875,,0.0067993584948804675
Dim 262,0.0005240683229813666,0.006350632069194943,0.011793478260869648,0.00851708074534163,0.0067963148495968975
Dim 627,0.0009937888198757734,0.011014637391882992,0.008338509316770206,,0.006782311842842992
Dim 474,0.0016343167701863268,0.015991350632069266,0.006793478260869536,0.0026785714285714095,0.006774429272924135
Dim 750,0.0036723602484471695,0.013922155688622843,0.002697981366459608,,0.006764165767843207
Dim 450,0.008874223602484481,0.00929141716566873,0.0028183229813664376,0.006032608695652119,0.0067541431112929425
Dim 193,0.0023447204968943917,0.002584830339321339,0.006840062111801211,0.015155279503105622,0.0067312231127806404
Dim 316,0.0012189440993788767,0.004637391882900821,0.004312888198757722,0.01669642857142861,0.006716413188116507
Dim 468,0.012884316770186404,0.000695276114437791,0.005535714285714234,0.007729037267080747,0.006711086109354794
Dim 437,0.012329192546583934,0.005572188955422446,0.0032647515527950035,0.005621118012422309,0.0066968127668059225
Dim 778,,,0.006649844720496865,,0.006649844720496865
Dim 458,0.018489906832298196,0.006533599467731203,0.00024068322981366438,0.0013198757763975084,0.006646016326560142
Dim 1012,,,0.00663819875776394,,0.00663819875776394
Dim 163,0.004642857142857096,0.012465069860279529,0.0037655279503105306,0.0056444099378881495,0.006629466222833826
Dim 550,0.011882763975155338,0.006806387225548923,0.0011956521739130389,,0.006628267791539099
Dim 490,0.013167701863354093,0.0018596141051230735,0.007468944099378875,0.00385481366459624,0.006587768433113071
Dim 205,0.014856366459627355,0.0007618097139055211,0.0063470496894409475,0.004382763975155244,0.006586997459532267
Dim 352,0.014173136645962783,0.009890219560878323,0.0012461180124223544,0.0010093167701863332,0.0065796977473624495
Dim 415,0.011906055900621179,0.007415169660678666,0.0028299689440993594,0.003982919254658354,0.00653352844001439
Dim 67,0.010349378881987621,0.014171656686626805,0.00132375776397515,0.00020574534161490684,0.0065126346685511205
Dim 693,0.013881987577639839,0.004757152361942737,0.000842391304347825,,0.006493843747976801
Dim 433,0.005768633540372622,0.007691284098469777,0.007895962732919277,0.004545807453416107,0.006475421956294447
Dim 120,0.005174689440993738,0.008895542248835748,0.008990683229813707,0.002829968944099356,0.006472720965935637
Dim 598,0.0020807453416148906,0.013962075848303423,0.003342391304347801,,0.006461737498088704
Dim 1020,,,0.006436335403726664,,0.006436335403726664
Dim 791,,,0.006424689440993747,,0.006424689440993747
Dim 917,,,0.006413043478260818,,0.006413043478260818
Dim 209,0.0001319875776397515,0.012401862940785165,0.007946428571428585,0.005163043478260823,0.0064108306420285815
Dim 554,0.011444099378882043,0.004690618762475005,0.0030745341614906597,,0.006403084100949236
Dim 790,,,0.006354813664596221,,0.006354813664596221
Dim 584,0.011389751552795088,0.0072089155023287105,0.000392080745341615,,0.006330249266821804
Dim 156,0.01803959627329196,0.0027312042581503445,0.00033385093167701875,0.004192546583850895,0.006324299511742555
Dim 475,0.0015450310559006134,0.010745176314038676,0.0015100931677018573,0.011440217391304412,0.006310129482236389
Dim 957,,,0.006300465838509266,,0.006300465838509266
Dim 889,,,0.006265527950310504,,0.006265527950310504
Dim 628,0.006591614906832257,0.009664005322688034,0.002503881987577618,,0.006253167405699302
Dim 134,0.00038043478260869565,0.015026613439787147,0.004646739130434741,0.004922360248447165,0.006244036900319438
Dim 795,,,0.006230590062111745,,0.006230590062111745
Dim 600,0.0037422360248446896,0.005815036593479681,0.009134316770186363,,0.006230529796170244
Dim 890,,,0.006226708074534109,,0.006226708074534109
Dim 226,0.0003843167701863356,0.007777777777777814,0.0036490683229813328,0.013074534161490764,0.006221424258109062
Dim 743,0.005974378881987521,0.005229540918163619,0.007422360248447188,,0.006208760016199443
Dim 682,0.012270962732919331,0.0026014637391882723,0.0037111801242235717,,0.0061945355321103915
Dim 873,,,0.006191770186335344,,0.006191770186335344
Dim 329,0.01665372670807459,0.0004590818363273455,0.0011801242236024803,0.006420807453416106,0.00617843505535513
Dim 429,0.0009821428571428544,0.005375914836992628,0.004510869565217348,0.013792701863354101,0.006165407280676733
Dim 395,0.00918090062111805,0.003769128409846939,6.987577639751552e-05,0.011591614906832363,0.006152879928548717
Dim 87,0.019704968944099434,0.0009580838323353261,0.0035559006211179837,0.00036102484472049694,0.0061449945605683105
Dim 938,,,0.006137422360248388,,0.006137422360248388
Dim 303,0.005819099378881932,0.007268795741849658,0.002437888198757744,0.009006211180124261,0.006132998624903399
Dim 590,0.0071156832298136475,0.004318030605455713,0.006948757763975131,,0.0061274905330814975
Dim 242,0.005865683229813608,0.011047904191616845,0.001284937888198751,0.00628105590062107,0.006119895302562569
Dim 234,0.004883540372670757,0.01266799733865611,0.0028687888198757547,0.004041149068322945,0.006115368899881392
Dim 677,0.010314440993788886,0.007488356620093164,0.0005240683229813662,,0.006108955312287806
Dim 16,0.007620341614906821,0.009900199600798468,0.00028726708074534163,0.006607142857142821,0.006103737788398363
Dim 397,0.002049689440993775,0.013203592814371327,0.005489130434782566,0.0036413043478260554,0.006095929259493431
Dim 503,0.00441381987577636,0.005013306719893495,0.002391304347826067,0.012538819875776463,0.006089312704818096
Dim 624,0.0054231366459626725,0.011377245508982095,0.0014013975155279445,,0.006067259890157571
Dim 296,0.005260093167701811,0.008925482368596202,0.004452639751552754,0.0055939440993788316,0.0060580398468074
Dim 866,,,0.006040372670807399,,0.006040372670807399
Dim 46,0.009592391304347862,0.0030172987358615877,0.006230590062111745,0.005306677018633497,0.006036739280238673
Dim 174,0.007290372670807433,0.012455089820359361,0.0014091614906832223,0.0029076086956521556,0.006015558169375543
Dim 823,,,0.006005434782608644,,0.006005434782608644
Dim 481,0.0015333850931676942,0.005745176314038567,0.014417701863354095,0.0023020186335403533,0.005999570476025177
Dim 566,0.012131211180124276,0.0004357950765136394,0.005430900621117961,,0.005999302292585292
Dim 1,0.00711568322981365,0.00913173652694617,0.0025931677018633335,0.005054347826086908,0.005973733821177515
Dim 544,0.000326086956521739,0.01331337325349306,0.004277950310558967,,0.0059724701735245885
Dim 793,,,0.005962732919254604,,0.005962732919254604
Dim 615,0.005729813664596217,0.0016067864271456962,0.010547360248447251,,0.005961320113396389
Dim 373,0.006731366459627294,0.011270791749833734,0.0023563664596273136,0.0034472049689440736,0.005951432409508104
Dim 255,0.0032104037267080454,0.010389221556886328,0.005881211180124172,0.00427406832298133,0.005938726196674968
Dim 410,0.0019138198757763822,0.009484364604125141,0.00894409937888202,0.003373447204968919,0.0059289327659381155
Dim 52,0.013800465838509376,0.0019361277445109635,0.00030667701863354045,0.007612577639751562,0.005913962060351361
Dim 5,0.0006948757763975157,0.007551563539587527,0.004953416149068277,0.010384316770186374,0.005896043058809924
Dim 661,0.007709627329192542,0.00817365269461082,0.0017546583850931588,,0.005879312802965507
Dim 299,0.008202639751552804,0.005635395874916791,0.005058229813664552,0.004572981366459586,0.005867311701648433
Dim 928,,,0.0058462732919254065,,0.0058462732919254065
Dim 639,0.010582298136646025,0.00287757817697935,0.004052795031055865,,0.005837557114893747
Dim 192,0.0019875776397515407,0.00918496340652036,0.002313664596273274,0.009852484472049726,0.005834672528648725
Dim 922,,,0.005822981366459576,,0.005822981366459576
Dim 407,0.01484472049689446,0.002777777777777754,0.005473602484471997,0.00018245341614906823,0.005819638543823321
Dim 56,0.005613354037267021,0.0038689288090485337,0.0043555900621117605,0.00934394409937894,0.005795454251951564
Dim 681,0.006906055900621083,0.00997671324018636,0.0004697204968944099,,0.005784163212567285
Dim 771,,,0.005784161490683175,,0.005784161490683175
Dim 489,0.005151397515527901,0.0013140385894876833,0.00944487577639756,0.007197204968944081,0.005776879212589306
Dim 685,0.004670031055900576,0.010565535595475795,0.0020923913043478133,,0.005775985985241395
Dim 280,0.004103260869565176,0.01575515635395882,0.0010636645962732892,0.0021195652173912915,0.005760411759297144
Dim 142,0.0008618012422360234,0.0011543579507651302,0.005403726708074479,0.015504658385093217,0.005731136071542213
Dim 606,0.0009316770186335384,0.003732534930139687,0.012523291925465918,,0.005729167958079714
Dim 302,0.01268633540372676,0.003928809048569493,0.0015993788819875683,0.004673913043478219,0.0057221090944405105
Dim 20,0.014324534161490751,0.0008582834331337299,0.006257763975155226,0.0013548136645962665,0.005698848808593993
Dim 217,0.011238354037267136,0.007791084497671376,0.000489130434782609,0.0032725155279502848,0.005697771124417852
Dim 202,0.0014169254658385026,0.009211576846307462,0.001704192546583841,0.010364906832298196,0.005674400422757001
Dim 925,,,0.005671583850931625,,0.005671583850931625
Dim 48,0.01603260869565222,0.0006087824351297404,0.004739906832298092,0.0012655279503105544,0.005661706478347652
Dim 707,0.015407608695652218,2.3286759813705897e-05,0.001533385093167694,,0.005654760182877872
Dim 223,0.0001785714285714285,0.012927478376580212,0.005582298136645911,0.003928571428571397,0.005654229842592237
Dim 828,,,0.0056482919254657845,,0.0056482919254657845
Dim 247,0.007154503105590035,0.0042115768463073435,0.004429347826086913,0.006789596273291892,0.005646256012819046
Dim 582,0.009526397515527973,0.006121091151031257,0.0012888198757763907,,0.005645436180778542
Dim 541,0.002239906832298118,0.01231536926147713,0.0023680124223602324,,0.00564109617204516
Dim 984,,,0.005632763975155226,,0.005632763975155226
Dim 952,,,0.0056211180124223145,,0.0056211180124223145
Dim 128,0.003940217391304309,0.002049234863606107,0.010997670807453471,0.005361024844720454,0.005587036976771084
Dim 200,0.006168478260869509,0.004115103127079131,0.008691770186335442,0.003303571428571401,0.005569730750713871
Dim 92,0.005574534161490629,0.014361277445109824,0.0015489130434782536,0.0007414596273291929,0.005556546069351975
Dim 534,0.004277950310558963,0.009145043246839719,0.0031987577639751292,,0.00554058377379127
Dim 62,0.010706521739130507,0.003429807052561508,0.001739130434782598,0.006269409937888153,0.005536217291090691
Dim 940,,,0.005516304347826038,,0.005516304347826038
Dim 365,0.006933229813664572,0.009544244843646105,0.004689440993788777,0.0008928571428571414,0.005514943198489148
Dim 261,0.0027678571428571192,0.004670658682634686,0.0053105590062111265,0.009289596273291964,0.005509667776248724
Dim 727,0.0037655279503105224,0.006736526946107796,0.006001552795030992,,0.005501202563816437
Dim 385,0.013757763975155334,0.0010578842315369218,0.006455745341614859,0.0006211180124223605,0.005473127890182369
Dim 244,0.003159937888198732,0.0074051896207585075,0.0089712732919255,0.0023330745341614756,0.0054673688337610535
Dim 371,0.019468167701863395,0.0004823685961410513,0.00046583850931677045,0.0013781055900621048,0.00544862009934583
Dim 354,0.0012655279503105531,0.005415834996673275,0.010302795031055956,0.004755434782608658,0.0054348981901621105
Dim 42,0.0064130434782608105,0.0020825016633399707,0.005069875776397474,0.00815993788819877,0.0054313397015492565
Dim 556,0.0017430124223602374,0.0006387225548902198,0.013885869565217453,,0.005422534847489303
Dim 542,0.005663819875776346,0.009494344644045312,0.0010830745341614872,,0.005413746351327715
Dim 278,0.00852096273291926,0.01117099135063217,0.000489130434782609,0.0014479813664596195,0.005407266471198415
Dim 818,,,0.005395962732919207,,0.005395962732919207
Dim 870,,,0.0053843167701862855,,0.0053843167701862855
Dim 86,0.008400621118012446,0.009457751164338073,0.0008152173913043473,0.002729037267080725,0.005350656735183898
Dim 954,,,0.005349378881987526,,0.005349378881987526
Dim 614,0.005702639751552739,0.010019960079840386,0.0003183229813664597,,0.005346974270919861
Dim 18,0.002806677018633516,0.005299401197604739,0.004145962732919218,0.009122670807453439,0.005343677939152728
Dim 24,0.010442546583850985,0.007338656021290793,0.00024456521739130437,0.003342391304347804,0.005342039781720222
Dim 327,0.0028765527950310294,0.008526280771789813,0.006952639751552787,0.002989130434782589,0.0053361509382890545
Dim 28,0.0033850931677018373,0.007734530938123795,0.0031948757763974895,0.0069642857142856885,0.005319696399127202
Dim 232,0.007402950310559009,0.0036626746506985674,0.007146739130434753,0.003035714285714267,0.005312019594351649
Dim 441,0.012562111801242289,0.000978043912175645,0.003637422360248411,0.004045031055900586,0.005305652282391733
Dim 176,0.005120341614906781,0.012109115103127155,0.0009394409937888178,0.0030473602484471815,0.005304064490067484
Dim 51,0.006909937888198732,0.011117764471057992,0.0013858695652173845,0.0017973602484471956,0.005302733043230326
Dim 313,0.0159316770186336,0.0050731869594144545,3.881987577639751e-05,0.00011257763975155272,0.005289065373394001
Dim 381,0.011118012422360301,0.0017598137059214776,0.0045690993788819485,0.003649068322981339,0.005273998457536267
Dim 712,0.005205745341614851,0.0010046573519627375,0.009607919254658424,,0.005272773982745338
Dim 1019,,,0.005271739130434731,,0.005271739130434731
Dim 543,0.011940993788819942,0.0017431803060545452,0.0021195652173912893,,0.005267913104088592
Dim 504,0.012577639751552861,0.002245508982035911,0.004875776397515482,0.0013237577639751497,0.005255670723769851
Dim 796,,,0.005232919254658338,,0.005232919254658338
Dim 435,0.0010753105590062069,0.0007152361942781099,0.010931677018633587,0.008163819875776412,0.005221510911923579
Dim 535,0.0051669254658384635,0.009191616766467136,0.00130046583850931,,0.005219669356938304
Dim 701,0.0001281055900621119,0.014600798403193673,0.0007453416149068325,,0.005158081869387539
Dim 959,,,0.005143633540372623,,0.005143633540372623
Dim 512,0.007519409937888196,0.005841650033266783,0.0020574534161490556,,0.005139504462434678
Dim 781,,,0.005116459627329144,,0.005116459627329144
Dim 363,0.008066770186335408,0.0041982701264138,0.0014868012422360167,0.0066925465838509005,0.005111097034709031
Dim 902,,,0.005097049689440949,,0.005097049689440949
Dim 30,0.0006172360248447206,0.000658682634730539,0.009658385093167743,0.009343944099378918,0.00506956196303048
Dim 470,0.006405279503105541,0.004424484364604082,0.0020613354037266936,0.007360248447204948,0.005062836929660316
Dim 22,0.0014635093167701787,0.009394544244843693,0.001374223602484466,0.007868788819875773,0.005025266495993528
Dim 817,,,0.005023291925465789,,0.005023291925465789
Dim 666,0.0016537267080745262,0.0062508316699933395,0.00714673913043476,,0.005017099169500876
Dim 289,0.0023990683229813464,0.002105788423153674,0.009821428571428623,0.0057298136645962255,0.005014024745539967
Dim 789,,,0.005011645962732873,,0.005011645962732873
Dim 188,0.011211180124223664,0.005282767797737809,0.0011257763975155229,0.0023680124223602324,0.004996934185459307
Dim 47,0.006269409937888138,0.0015069860279441026,0.0028998447204968713,0.009258540372670845,0.004983695264749989
Dim 708,0.004557453416149019,0.006646706586826364,0.0036723602484471695,,0.004958840083807518
Dim 360,0.005089285714285664,0.002341982701264119,0.0002173913043478262,0.012072981366459708,0.00493041027158933
Dim 351,0.005993788819875713,0.004477711244178266,0.0049572981366459165,0.004262422360248412,0.004922805140237077
Dim 829,,,0.0049068322981366,,0.0049068322981366
Dim 72,0.0007647515527950313,0.0046506986027943665,0.004013975155279466,0.01013975155279507,0.004892294215915983
Dim 706,0.006568322981366413,0.0049401197604789955,0.0031599378881987344,,0.004889460210014715
Dim 11,0.005908385093167641,0.001197604790419157,0.004604037267080701,0.007787267080745349,0.004874323557853212
Dim 325,0.012670807453416205,0.0017631403858948624,0.0037267080745341267,0.0012655279503105534,0.0048565459660389375
Dim 845,,,0.0048524844720496466,,0.0048524844720496466
Dim 293,0.00461180124223598,0.0024051896207584653,0.0038781055900620753,0.008513198757763987,0.0048520738027051265
Dim 547,0.005240683229813616,0.006177644710578818,0.0030551242236024623,,0.004824484054664966
Dim 505,0.002826086956521715,0.010272787757817769,0.0023291925465838336,0.0038586956521738844,0.0048216907282743
Dim 446,0.005229037267080699,0.0027145708582834113,0.005256211180124177,0.006083074534161437,0.004820723459912432
Dim 896,,,0.0048097826086956055,,0.0048097826086956055
Dim 631,0.0017701863354037165,0.0091749833666002,0.0034666149068322705,,0.004803928202945396
Dim 949,,,0.004802018633540325,,0.004802018633540325
Dim 816,,,0.0047903726708074055,,0.0047903726708074055
Dim 971,,,0.0047864906832297644,,0.0047864906832297644
Dim 473,0.005364906832298087,0.004873586161011266,0.0022554347826086786,0.006614906832298103,0.004777208652054034
Dim 73,0.005395962732919203,0.008123752495010027,0.004949534161490645,0.0006055900621118013,0.004768709862882919
Dim 118,0.004045031055900583,0.005116433799068483,0.005481366459627282,0.004425465838509279,0.004767074288276407
Dim 525,0.005058229813664548,0.0018063872255488903,0.007402950310559009,,0.004755855783257482
Dim 831,,,0.00475155279503101,,0.00475155279503101
Dim 1013,,,0.004728260869565173,,0.004728260869565173
Dim 981,,,0.004728260869565172,,0.004728260869565172
Dim 103,0.0026591614906832078,0.009341317365269535,0.000407608695652174,0.0065023291925465415,0.004727604186037865
Dim 44,0.00568322981366454,0.008220226214238232,0.00336956521739128,0.0014285714285714223,0.004675398168466368
Dim 970,,,0.004654503105590024,,0.004654503105590024
Dim 455,0.008528726708074558,0.00413173652694607,0.0002872670807453418,0.0055745341614906385,0.004630566119314152
Dim 1021,,,0.004600155279503067,,0.004600155279503067
Dim 854,,,0.0046001552795030595,,0.0046001552795030595
Dim 764,0.006882763975155241,0.004138389886892844,0.002744565217391284,,0.004588573026479789
Dim 983,,,0.004584627329192506,,0.004584627329192506
Dim 974,,,0.004584627329192504,,0.004584627329192504
Dim 830,,,0.004576863354037228,,0.004576863354037228
Dim 1007,,,0.00457298136645958,,0.00457298136645958
Dim 487,0.005368788819875722,0.0058183632734530736,0.005574534161490632,0.0015023291925465767,0.004566003861841501
Dim 307,0.0031249999999999755,0.002395209580838304,0.011572204968944155,0.0009588509316770171,0.004512816370364863
Dim 632,0.003920807453416112,0.00212907518296738,0.007453416149068321,,0.004501099595150605
Dim 616,0.005465838509316715,0.006007984031936115,0.002010869565217375,,0.004494897368823402
Dim 945,,,0.004487577639751509,,0.004487577639751509
Dim 944,,,0.004475931677018594,,0.004475931677018594
Dim 867,,,0.004460403726708034,,0.004460403726708034
Dim 239,0.004755434782608649,0.001736526946107771,0.006797360248447179,0.004541925465838471,0.004457811860750518
Dim 784,,,0.004444875776397473,,0.004444875776397473
Dim 324,0.0006909937888198762,0.0036327345309380855,0.008552018633540392,0.004852484472049647,0.004432057856337
Dim 297,0.0047593167701862876,0.008150365934797121,0.0025232919254658207,0.0022787267080745166,0.004427925334630937
Dim 895,,,0.004409937888198715,,0.004409937888198715
Dim 948,,,0.004382763975155241,,0.004382763975155241
Dim 532,0.005819099378881929,0.003176979374584139,0.004138198757763938,,0.004378092503743335
Dim 110,0.0015256211180124139,0.0006886227544910178,0.001541149068322972,0.013753881987577684,0.004377318732101022
Dim 846,,,0.004359472049689403,,0.004359472049689403
Dim 65,0.005034937888198708,0.007797737857618133,0.0017740683229813556,0.002787267080745319,0.0043485027873858785
Dim 840,,,0.004343944099378844,,0.004343944099378844
Dim 908,,,0.0043284161490682845,,0.0043284161490682845
Dim 357,0.001944875776397501,0.0064371257485029984,0.0055822981366459076,0.0032880434782608463,0.004313085784951813
Dim 486,0.00026785714285714287,0.004930139720558837,0.0029464285714285495,0.009095496894409964,0.004309980582313623
Dim 126,0.00040760869565217384,0.007621423819028663,0.0032453416149068113,0.005904503105590016,0.004294719308794416
Dim 968,,,0.004270186335403689,,0.004270186335403689
Dim 1022,,,0.004250776397515485,,0.004250776397515485
Dim 240,0.00432841614906828,0.006473719228210249,0.003187111801242212,0.003012422360248425,0.004250417384692291
Dim 443,0.002259316770186321,0.00035262807717897525,0.0029658385093167482,0.011315993788819933,0.004223444286375494
Dim 186,0.005873447204968887,0.0019926813040585345,0.002961956521739107,0.005931677018633484,0.004189940512350003
Dim 640,0.004068322981366419,0.004111776447105747,0.0043672360248446776,,0.004182445151105614
Dim 881,,,0.004173136645962698,,0.004173136645962698
Dim 987,,,0.004107142857142824,,0.004107142857142824
Dim 485,0.009157608695652226,0.001726546906187611,0.0010209627329192522,0.0045108695652173545,0.004103996974994111
Dim 229,0.006933229813664572,0.0022055888223552703,0.0035791925465838174,0.0036917701863353747,0.0041024453422347585
Dim 322,0.0095380434782609,0.0008449767132401836,0.003035714285714263,0.002779503105590045,0.004049559395701348
Dim 849,,,0.00404891304347823,,0.00404891304347823
Dim 720,0.002255434782608676,0.0027677977378575973,0.007104037267080729,,0.004042423262515668
Dim 129,0.0018012422360248331,0.0040153027278775405,0.0056327639751552255,0.0046661490683229416,0.004028864501845135
Dim 847,,,0.004025621118012386,,0.004025621118012386
Dim 427,0.0035481366459627,0.005445775116433756,0.006754658385093138,0.00030667701863354045,0.004013811791530784
Dim 805,,,0.004010093167701833,,0.004010093167701833
Dim 109,0.003412267080745308,0.009624085163007372,0.0010597826086956488,0.001781832298136637,0.003969491787646241
Dim 767,0.005353260869565165,0.0029973386560212664,0.0035364906832297833,,0.003962363402938739
Dim 436,0.005609472049689384,0.0007285429141716563,0.0014518633540372592,0.008016304347826075,0.003951545666431093
Dim 853,,,0.003936335403726672,,0.003936335403726672
Dim 915,,,0.0039052795031055566,,0.0039052795031055566
Dim 777,,,0.0038975155279502784,,0.0038975155279502784
Dim 955,,,0.003866459627329157,,0.003866459627329157
Dim 839,,,0.0038586956521738797,,0.0038586956521738797
Dim 684,0.002744565217391283,0.007684630738522992,0.0010986024844720462,,0.003842599480128774
Dim 34,0.003998447204968909,0.003805721889554189,0.0009433229813664578,0.006595496894409899,0.0038357472425748634
Dim 662,0.005027173913043429,0.0026114437791084273,0.003796583850931644,,0.0038117338476945004
Dim 671,0.0032259316770186035,0.007667997338656043,0.0004891304347826087,,0.003794353150152418
Dim 1009,,,0.003773291925465806,,0.003773291925465806
Dim 893,,,0.0037189440993788494,,0.0037189440993788494
Dim 861,,,0.0037111801242235717,,0.0037111801242235717
Dim 913,,,0.003645186335403694,,0.003645186335403694
Dim 151,0.004413819875776353,0.0005023286759813705,0.0036413043478260576,0.005974378881987527,0.003632957945392827
Dim 900,,,0.0036257763975155004,,0.0036257763975155004
Dim 960,,,0.0035791925465838187,,0.0035791925465838187
Dim 646,0.004336180124223558,0.0062175648702594765,1.940993788819877e-05,,0.0035243849774570777
Dim 964,,,0.0034976708074533876,,0.0034976708074533876
Dim 927,,,0.0034782608695651915,,0.0034782608695651915
Dim 886,,,0.0034743788819875483,,0.0034743788819875483
Dim 557,0.00026785714285714276,0.0032634730538921857,0.0068478260869565015,,0.0034597187612352767
Dim 967,,,0.00344720496894407,,0.00344720496894407
Dim 958,,,0.003435559006211154,,0.003435559006211154
Dim 530,0.0009549689440993764,0.0077012641383899325,0.0015139751552794949,,0.0033900694125896017
Dim 920,,,0.003385093167701837,,0.003385093167701837
Dim 997,,,0.0033734472049689176,,0.0033734472049689176
Dim 476,0.005904503105590008,0.0032335329341317076,0.001979813664596259,0.0023369565217391144,0.0033637015565142724
Dim 809,,,0.003350155279503081,,0.003350155279503081
Dim 340,0.005384316770186286,0.0005156353958749166,0.005314440993788769,0.0021855590062111645,0.003349988041515284
Dim 347,0.004627329192546541,0.006397205588822344,0.0007220496894409938,0.00158773291925465,0.0033335793475161323
Dim 821,,,0.003326863354037237,,0.003326863354037237
Dim 204,0.002170031055900605,0.0012807717897538198,0.0022166149068322807,0.007616459627329198,0.003320969344953976
Dim 618,0.0046777950310558526,0.003955422488356586,0.001300465838509312,,0.0033112277859739165
Dim 523,0.007434006211180105,0.0009314703925482347,0.0015566770186335316,,0.0033073845407872904
Dim 100,0.0023718944099378695,0.006986027944111775,0.001339285714285709,0.002527173913043461,0.003306095495344704
Dim 932,,,0.0032880434782608416,,0.0032880434782608416
Dim 308,0.002018633540372658,0.003087159015302704,0.007383540372670801,0.0004968944099378884,0.003246556834571013
Dim 926,,,0.0032336956521738873,,0.0032336956521738873
Dim 953,,,0.0032142857142856878,,0.0032142857142856878
Dim 921,,,0.0032104037267080476,,0.0032104037267080476
Dim 711,0.007725155279503105,0.0011776447105788376,0.0006909937888198762,,0.00319793125963394
Dim 898,,,0.003171583850931655,,0.003171583850931655
Dim 875,,,0.0031327639751552562,,0.0031327639751552562
Dim 74,0.0031560559006210934,0.00606453759148367,0.002732919254658362,0.00037655279503105596,0.0030825163854485455
Dim 1003,,,0.0030784161490683007,,0.0030784161490683007
Dim 977,,,0.003062888198757739,,0.003062888198757739
Dim 715,0.006242236024844659,0.0010878243512973994,0.001797360248447195,,0.0030424735415297516
Dim 578,0.0002290372670807453,0.0038023952095808,0.004899068322981328,,0.0029768335998809578
Dim 744,0.002783385093167678,0.00048236859614105135,0.005663819875776346,,0.002976524521695025
Dim 825,,,0.002969720496894386,,0.002969720496894386
Dim 533,0.0015217391304347741,0.004594145043246798,0.002701863354037247,,0.002939249175906273
Dim 514,0.0012111801242235987,6.32069194943446e-05,0.007534937888198758,,0.0029364416439722333
Dim 813,,,0.0029309006211179892,,0.0029309006211179892
Dim 826,,,0.0029192546583850687,,0.0029192546583850687
Dim 716,0.002065217391304331,0.005316034597471677,0.0012344720496894343,,0.0028719080128218138
Dim 924,,,0.0028571428571428316,,0.0028571428571428316
Dim 788,,,0.002829968944099356,,0.002829968944099356
Dim 394,0.002041925465838494,0.0020592149035262627,0.006525621118012381,0.0004658385093167706,0.002773149999173477
Dim 386,0.004685559006211135,0.0004624085163007321,0.0006987577639751552,0.005213509316770137,0.0027650586508142895
Dim 868,,,0.0027212732919254467,,0.0027212732919254467
Dim 991,,,0.0027173913043478043,,0.0027173913043478043
Dim 897,,,0.002690217391304325,,0.002690217391304325
Dim 907,,,0.0026397515527950134,,0.0026397515527950134
Dim 973,,,0.0024844720496894233,,0.0024844720496894233
Dim 988,,,0.0024805900621117792,,0.0024805900621117792
Dim 339,0.00013975155279503113,0.0008316699933466383,0.0025310559006210985,0.006370341614906784,0.002468204765417388
Dim 935,,,0.002441770186335385,,0.002441770186335385
Dim 281,0.003334627329192519,0.002258815701929459,0.0012888198757763914,0.002829968944099361,0.0024280579627494327
Dim 859,,,0.0023951863354037092,,0.0023951863354037092
Dim 852,,,0.002348602484472031,,0.002348602484472031
Dim 871,,,0.002313664596273277,,0.002313664596273277
Dim 937,,,0.002313664596273273,,0.002313664596273273
Dim 838,,,0.002228260869565202,,0.002228260869565202
Dim 994,,,0.002185559006211164,,0.002185559006211164
Dim 815,,,0.0021816770186335248,,0.0021816770186335248
Dim 969,,,0.0021156832298136526,,0.0021156832298136526
Dim 64,0.0015877329192546508,0.0018895542248835544,0.00132375776397515,0.0036218944099378563,0.002105734829512803
Dim 989,,,0.0021001552795030898,,0.0021001552795030898
Dim 560,0.0006444099378881989,0.0027378576180971154,0.0027639751552794795,,0.0020487475704215976
Dim 776,,,0.002034161490683212,,0.002034161490683212
Dim 801,,,0.0020108695652173787,,0.0020108695652173787
Dim 990,,,0.0020069875776397386,,0.0020069875776397386
Dim 876,,,0.0019681677018633416,,0.0019681677018633416
Dim 836,,,0.0019371118012422226,,0.0019371118012422226
Dim 1023,,,0.001937111801242222,,0.001937111801242222
Dim 772,,,0.0018866459627329072,,0.0018866459627329072
Dim 863,,,0.00185559006211179,,0.00185559006211179
Dim 787,,,0.0018361801242235917,,0.0018361801242235917
Dim 808,,,0.0017740683229813534,,0.0017740683229813534
Dim 992,,,0.0017158385093167606,,0.0017158385093167606
Dim 998,,,0.001708074534161477,,0.001708074534161477
Dim 819,,,0.0017041925465838405,,0.0017041925465838405
Dim 864,,,0.0016731366459627214,,0.0016731366459627214
Dim 810,,,0.0016381987577639657,,0.0016381987577639657
Dim 1016,,,0.0015916149068322912,,0.0015916149068322912
Dim 1010,,,0.001587732919254651,,0.001587732919254651
Dim 794,,,0.0015799689440993694,,0.0015799689440993694
Dim 930,,,0.0015644409937888117,,0.0015644409937888117
Dim 963,,,0.0015372670807453327,,0.0015372670807453327
Dim 939,,,0.0014673913043478182,,0.0014673913043478182
Dim 413,9.704968944099378e-05,0.004018629407850927,0.0005706521739130436,0.001137422360248443,0.0014559384078633518
Dim 899,,,0.0014557453416149003,,0.0014557453416149003
Dim 769,,,0.001428571428571424,,0.001428571428571424
Dim 834,,,0.0014285714285714216,,0.0014285714285714216
Dim 885,,,0.0014246894409937823,,0.0014246894409937823
Dim 822,,,0.0014246894409937812,,0.0014246894409937812
Dim 976,,,0.0014169254658385026,,0.0014169254658385026
Dim 1006,,,0.0013742236024844648,,0.0013742236024844648
Dim 773,,,0.0013625776397515475,,0.0013625776397515475
Dim 782,,,0.001343167701863347,,0.001343167701863347
Dim 882,,,0.0013159937888198698,,0.0013159937888198698
Dim 903,,,0.0012888198757763918,,0.0012888198757763918
Dim 965,,,0.0012732919254658324,,0.0012732919254658324
Dim 887,,,0.0012616459627329138,,0.0012616459627329138
Dim 906,,,0.0011529503105590008,,0.0011529503105590008
Dim 933,,,0.0011335403726708026,,0.0011335403726708026
Dim 797,,,0.0011180124223602436,,0.0011180124223602436
Dim 912,,,0.0010481366459627291,,0.0010481366459627291
Dim 857,,,0.0010054347826086915,,0.0010054347826086915
Dim 941,,,0.0009976708074534136,,0.0009976708074534136
Dim 914,,,0.0009433229813664568,,0.0009433229813664568
Dim 775,,,0.0009006211180124211,,0.0009006211180124211
Dim 891,,,0.0008928571428571421,,0.0008928571428571421
Dim 946,,,0.0008656832298136647,,0.0008656832298136647
Dim 799,,,0.000807453416149068,,0.000807453416149068
Dim 851,,,0.0007958074534161486,,0.0007958074534161486
Dim 804,,,0.0007919254658385093,,0.0007919254658385093
Dim 824,,,0.0007492236024844723,,0.0007492236024844723
Dim 966,,,0.000722049689440994,,0.000722049689440994
Dim 802,,,0.0006987577639751556,,0.0006987577639751556
Dim 986,,,0.0006909937888198759,,0.0006909937888198759
Dim 820,,,0.0006871118012422363,,0.0006871118012422363
Dim 904,,,0.0006871118012422362,,0.0006871118012422362
Dim 979,,,0.0006560559006211182,,0.0006560559006211182
Dim 798,,,0.0006288819875776396,,0.0006288819875776396
Dim 995,,,0.000547360248447205,,0.000547360248447205
Dim 842,,,0.0004968944099378882,,0.0004968944099378882
Dim 837,,,0.00042701863354037287,,0.00042701863354037287
Dim 807,,,0.0002639751552795032,,0.0002639751552795032
Dim 841,,,0.0002639751552795031,,0.0002639751552795031
Dim 779,,,0.00025621118012422365,,0.00025621118012422365
Dim 770,,,0.00017468944099378883,,0.00017468944099378883
Dim 947,,,0.0001591614906832299,,0.0001591614906832299
Dim 961,,,5.822981366459622e-05,,5.822981366459622e-05
Dim 812,,,4.658385093167697e-05,,4.658385093167697e-05
Dim 951,,,2.3291925465838486e-05,,2.3291925465838486e-05
Dim 811,,,1.1645962732919243e-05,,1.1645962732919243e-05
