,"('flaubert_base_cased', 1)","('flaubert_base_uncased', 1)","('flaubert_large_uncased', 1)","('flaubert_small_cased', 1)"
Dim 0,0.0182734437626473,0.02365886281166979,0.0210062849507211,0.012220042877561373
Dim 1,0.014570277079403659,0.015648554476911505,0.014639253602990576,0.013868213919165913
Dim 2,0.009664574770230801,0.02658603721228745,0.011640461477716085,0.0388651931793274
Dim 3,0.03007449074355116,0.012800787796554197,0.015618915203867201,0.020199214526422846
Dim 4,0.02077331592621886,0.01637174226631053,0.01269497104357845,0.019468182371114685
Dim 5,0.01172271207958722,0.013840695558812729,0.015059824148714126,0.019985984129945268
Dim 6,0.021074314439614748,0.01630585453570442,0.01513583241965413,0.016048219140841015
Dim 7,0.014928550156321592,0.0175230676097669,0.015797968238903566,0.0181434256083315
Dim 8,0.01383302360388096,0.02340381849031865,0.010155596632831243,0.021284082571302255
Dim 9,0.01065950382631337,0.030046797507665365,0.01273086492706722,0.015198817827453312
Dim 10,0.026826510208012817,0.018291628928860926,0.016695802741940786,0.01246148750983111
Dim 11,0.012605355948504085,0.014168323979857308,0.01519702355080508,0.01840077299472207
Dim 12,0.014014052824458367,0.027889332943956086,0.013664292781823845,0.01404646841082623
Dim 13,0.02853493845456282,0.02415640395458964,0.02298383319034203,0.011899051457739595
Dim 14,0.013228215377195604,0.02533275578724794,0.0163054498495591,0.028862554460708494
Dim 15,0.028301033395868813,0.05084574607593287,0.013609222591781827,0.015336541496116334
Dim 16,0.015381971145253965,0.016541344564298194,0.013508788043603838,0.018623369238069842
Dim 17,0.01795569900997158,0.03808740788712805,0.022683477310137732,0.030066093728668565
Dim 18,0.010561176967771776,0.01497960534624158,0.013129888717514018,0.023478458757457504
Dim 19,0.013315887999121938,0.03010200496761954,0.010778099430906997,0.02594332500613683
Dim 20,0.014689872837536491,0.015083313019214317,0.017032170773630437,0.01305645707199397
Dim 21,0.013964847402070667,0.024912759540078044,0.022987117959647106,0.013845750000606448
Dim 22,0.016078108092495737,0.015020163120940584,0.013049729413335672,0.021003014334184583
Dim 23,0.01814376547506284,0.014726635255146269,0.013655287849609624,0.030633014479301685
Dim 24,0.013570275916060784,0.014051280862191885,0.011299926405055609,0.014406025801325485
Dim 25,0.01155268370418953,0.029646528184035025,0.015313437756977707,0.012541241525127474
Dim 26,0.015736779985783128,0.032946319992523,0.014072052717098348,0.011087898556015455
Dim 27,0.01689129015211545,0.018578881790357576,0.013272615364510229,0.014027627574404152
Dim 28,0.011560162722792238,0.013759477888824706,0.013858289916267355,0.019961107957511225
Dim 29,0.01439002333729283,0.022287616573762235,0.013324530591573073,0.01608375529280958
Dim 30,0.011835267173806749,0.011775528225667208,0.018436204488108187,0.026442571448124362
Dim 31,0.01777580105317744,0.012519485799998935,0.02800802825223136,0.01433903843491491
Dim 32,0.01792396423849289,0.015260412211538505,0.011921826229266914,0.015940016294456853
Dim 33,0.012435885114723771,0.01449467814443245,0.014150580388107575,0.03379614377316086
Dim 34,0.011691305913106518,0.011678040312562143,0.012369199371115466,0.017813719126072436
Dim 35,0.011315458996844658,0.018280232008578347,0.029705923038560636,0.016587015449610575
Dim 36,0.025651323352504175,0.017955433412710876,0.027882816080704708,0.033415825941632546
Dim 37,0.021260097656170523,0.016692515717595235,0.017032182696493144,0.013258996437659912
Dim 38,0.009492565772873503,0.013047054218530259,0.02214707439824574,0.022364523109054103
Dim 39,0.012421785007052788,0.016461685576922035,0.017225225981123665,0.03412606351389104
Dim 40,0.013094981474672798,0.02032918584755159,0.018991797143597916,0.012110119178454712
Dim 41,0.014671087492525818,0.019786206818600816,0.022324791414073397,0.015529463401076065
Dim 42,0.015006365868105711,0.012991041437765988,0.015797073145212552,0.018502930488200387
Dim 43,0.02157868317306785,0.012503503358431239,0.02196561639748482,0.015600095669563477
Dim 44,0.012523812465906736,0.015510353875430821,0.017939747399401677,0.014617736065597646
Dim 45,0.023529061636587127,0.014432473856543728,0.013352222597088174,0.022731087916386127
Dim 46,0.014047055225655814,0.012607664717917053,0.017442063474123384,0.016046728426790308
Dim 47,0.014879484549211135,0.01205338729242709,0.013848847580000273,0.02038355481312585
Dim 48,0.015262910079058244,0.014358144614797449,0.01278079012586601,0.013425855746312916
Dim 49,0.01322734991640744,0.017524695268304948,0.01984556131149468,0.016374752552572442
Dim 50,0.028240016109018686,0.01385374908878621,0.01163254934022828,0.026218230870519364
Dim 51,0.014528792803542771,0.015850992620756996,0.015330098614755186,0.014319975026368758
Dim 52,0.018299010826462594,0.013685623772204652,0.011635637619615275,0.02420200332801954
Dim 53,0.016162287971448648,0.013716401534848075,0.012701301550406783,0.038213875823757563
Dim 54,0.016995869819033886,0.0233308191714804,0.01744848223606284,0.018615955685486057
Dim 55,0.01569606729501426,0.020026104377094237,0.01926092448651949,0.023913773816622387
Dim 56,0.013320063935500129,0.014288723296091259,0.012269746506301072,0.02192812914909468
Dim 57,0.012758962566626088,0.060279541427801606,0.011730699652238047,0.013296825255730577
Dim 58,0.012798152670877016,0.015108321732341943,0.01995397160335609,0.023686287417081824
Dim 59,0.01903126569836014,0.027338491027131203,0.01316232866207352,0.012076979869111507
Dim 60,0.013562527897185761,0.020126747224980472,0.012443384590209067,0.014275694179908878
Dim 61,0.012172601076312151,0.018133605599279224,0.01083233234087144,0.040087981965303617
Dim 62,0.018457471961031802,0.012198641453085834,0.012113033723678241,0.016919866399413917
Dim 63,0.023834574392256124,0.020047731254191018,0.010872116282731702,0.013169345887277202
Dim 64,0.012308740955567226,0.014342449704699063,0.009987519188628871,0.013943395100905148
Dim 65,0.01445792595400379,0.010514856227447628,0.011340034224664085,0.012883719674974618
Dim 66,0.016062519334314178,0.01584035073349485,0.014985060988287027,0.020060003167679565
Dim 67,0.014328807234401681,0.01691809432446688,0.011852040514425188,0.012079113468952721
Dim 68,0.012749140922791643,0.023567251495628685,0.019517622104431805,0.01375890056390926
Dim 69,0.017298891249987472,0.01228738528993226,0.016754861948806037,0.016068066556301674
Dim 70,0.014984453877095303,0.01449742429070397,0.021121010400006995,0.025784574615311515
Dim 71,0.029728068243171472,0.021257946271242896,0.015241591533296826,0.01572016620570965
Dim 72,0.012425004234684607,0.01368534163664773,0.013701196891665778,0.02439198366628396
Dim 73,0.011529396813188283,0.014758261991095365,0.012976972686421175,0.012175897198497232
Dim 74,0.010903289036305898,0.015251674202771244,0.012064356806708613,0.014291317393918252
Dim 75,0.03226740246363795,0.012902938920882392,0.0124133583904088,0.02809642992573685
Dim 76,0.017003828736289296,0.012702028970519356,0.023485719546943347,0.01860687399675743
Dim 77,0.014411238373254505,0.03384977213402773,0.01060910096844767,0.013890795421322539
Dim 78,0.02066318681531233,0.03545436305965618,0.011436467413885083,0.014504866616898765
Dim 79,0.012178134476785505,0.021973419526852,0.014372553381310839,0.025091533667058408
Dim 80,0.012232584028765271,0.019273952768792898,0.013591852071696825,0.025669565447815616
Dim 81,0.01695695284171926,0.01539150525642236,0.016109190035574063,0.01990500854992109
Dim 82,0.01553327311581524,0.022778309646992467,0.01654239161157882,0.014295010194126994
Dim 83,0.012005302438545008,0.017506586290711713,0.012524951753531778,0.01852528157472938
Dim 84,0.01591456410247702,0.011767922215327646,0.02533509913350832,0.014574659796539735
Dim 85,0.013370724447016901,0.013294350455329208,0.013534664595159618,0.01737752055793118
Dim 86,0.014708079351413744,0.014300411842867143,0.011049684495848628,0.013824740017552236
Dim 87,0.021150348924118087,0.014491667406138506,0.012885730652134624,0.01135884849915891
Dim 88,0.01109147194099842,0.020952166312176827,0.01736871549214518,0.038660380019947226
Dim 89,0.012680450605162612,0.015275642592646577,0.016791786429491366,0.048055166910844584
Dim 90,0.01610543099964394,0.0212899701303398,0.012860878502219966,0.014460117719226551
Dim 91,0.019832639521369568,0.020799395684152556,0.019752623915843724,0.019747051385649316
Dim 92,0.013245025681985333,0.01667929709971466,0.012144994798930952,0.011101034785292714
Dim 93,0.01216415043787535,0.021976838832221054,0.022521789663083377,0.01462494677433205
Dim 94,0.013013829709933785,0.040949813415181446,0.010549881132648995,0.031072704603245453
Dim 95,0.017534313682986583,0.04130413517196187,0.014032079812349298,0.029575003506618958
Dim 96,0.025159490080364243,0.017447864375459223,0.012453538621855706,0.013866018886658912
Dim 97,0.012433420871744953,0.025441716951509912,0.0136028394487831,0.01829007982706279
Dim 98,0.012240741190449916,0.015546014878793512,0.018247251088596213,0.014895465274734064
Dim 99,0.020836824029883294,0.011928563476471208,0.02712570523778273,0.02511395800459729
Dim 100,0.012985461613174565,0.013564141702809774,0.011797603781954451,0.011419731216307107
Dim 101,0.018491804011866227,0.031840422635895475,0.01215687148686515,0.011855067004297603
Dim 102,0.014824710661876354,0.013622501224021713,0.011615365298411402,0.04445226360128849
Dim 103,0.013454105965519767,0.013123603892677112,0.012974381305288768,0.01887944056388615
Dim 104,0.027450862171727406,0.012695280075763173,0.01680673153480624,0.02947917746413267
Dim 105,0.01745019766112991,0.03625901981936919,0.018543345134254482,0.012200527417150043
Dim 106,0.022574841681088458,0.023012323896867148,0.011552216817751091,0.028170076028566006
Dim 107,0.010630790909918919,0.018663375252803788,0.011946052706643902,0.0229967259241842
Dim 108,0.011907764369889782,0.022007435837709293,0.02171407222500294,0.01882971415667911
Dim 109,0.012869418627440527,0.014957251118785176,0.011851259999677607,0.013514068940286898
Dim 110,0.009848032683962862,0.013027045990456176,0.01235054831179906,0.02871835870668805
Dim 111,0.01917222567142924,0.011172124511920642,0.013116863216260901,0.01750097543857248
Dim 112,0.031483887192123625,0.014962451145047222,0.016249432716158058,0.018645864204800626
Dim 113,0.015210950474458161,0.014035917988987763,0.018628352875582895,0.012750648064895122
Dim 114,0.020815954096544752,0.015023358520047304,0.01273622081317827,0.03440739789972137
Dim 115,0.013216778735483542,0.014803181715393837,0.03057419983121499,0.016637205680913505
Dim 116,0.02318945211998746,0.014840771264179892,0.00958875148659742,0.015353588550847846
Dim 117,0.020751266893587972,0.011648420176853427,0.01262256770135001,0.035542526715923284
Dim 118,0.013343244024849689,0.014530353612243464,0.016015522492985178,0.014543441043911734
Dim 119,0.013365181714809613,0.020160666480977966,0.01991064427410645,0.012390099003163476
Dim 120,0.012928481017040938,0.015718463861206285,0.017563247579697343,0.011838572644736249
Dim 121,0.028108541159970156,0.0138776768923357,0.017749718013690918,0.057850644805783155
Dim 122,0.014652637037794498,0.01383650058495142,0.012781965500670005,0.03315496138275886
Dim 123,0.029173252607823982,0.022623724210775506,0.011554973633062115,0.011557047328910748
Dim 124,0.014576044453034537,0.015236436541831516,0.02007431931471458,0.03079332138966826
Dim 125,0.01751603377648068,0.012882660531515006,0.014767709034393468,0.024871135530991424
Dim 126,0.013102964937193148,0.013844260046171425,0.011928192406231233,0.014566283304155169
Dim 127,0.019584394868978793,0.01637717793414603,0.013359586881027312,0.020579460720089163
Dim 128,0.013913456310220326,0.012437275591820547,0.02431854842954294,0.016995462606376043
Dim 129,0.013902037037225172,0.012297952042282363,0.013543373604387943,0.015720890842030422
Dim 130,0.015087529240713306,0.045485483032094,0.015140263021797589,0.019617646920732625
Dim 131,0.01218221920966692,0.014192092556024277,0.020941151958702012,0.022196251869339486
Dim 132,0.03238788908932879,0.019645014311658004,0.010507798643769726,0.025016588293162906
Dim 133,0.013037627830214131,0.018204968992862447,0.015411800568993472,0.029840585573262256
Dim 134,0.011805553707925288,0.019374858205692104,0.014720120446860803,0.01840810081323437
Dim 135,0.031466243166258664,0.012626162688816316,0.01291450484464219,0.01756584333151112
Dim 136,0.022546606568107582,0.03958518080665746,0.016661651882345998,0.03749737839917615
Dim 137,0.013867175686543156,0.010615739891243241,0.017389028878133924,0.028472379770855316
Dim 138,0.01820285391560675,0.021687072474633445,0.013092013000671036,0.018752372825244057
Dim 139,0.018278318961886194,0.014456677047841942,0.012673414156660182,0.013832515541416691
Dim 140,0.02481391067431341,0.01912947561714027,0.04521385197157033,0.022275724361951646
Dim 141,0.025699378462944025,0.011569870568878328,0.014432756943646515,0.01712172725850227
Dim 142,0.011691600508496646,0.011794575613715679,0.012433677343576359,0.03674835720280453
Dim 143,0.020062872989427084,0.025342465176855997,0.018078557254857998,0.01293134418372696
Dim 144,0.025716613865285308,0.012954488758748517,0.02979268124378858,0.01529457667435169
Dim 145,0.019043060840513874,0.02458218257913395,0.012972514661987195,0.02079995454022138
Dim 146,0.012627962686794506,0.0172371416236532,0.019488193456833718,0.01734264702853423
Dim 147,0.021130856098250942,0.013236854947085958,0.013289597395378995,0.015957619382897113
Dim 148,0.013751422921247406,0.03253941396714019,0.026662792474826474,0.013497122772521417
Dim 149,0.012417257217468709,0.052676454598294085,0.027161810047255083,0.014764474814871389
Dim 150,0.01518914392634543,0.018351145800437677,0.012263183416376243,0.015834609715647586
Dim 151,0.011738073065740097,0.01415987933079026,0.014263736860992297,0.014653027839866127
Dim 152,0.02561316737907745,0.018891035748437594,0.011991532857882814,0.015603652216959852
Dim 153,0.01182674065809165,0.01606531106710343,0.01242059413101697,0.017020570882649202
Dim 154,0.026098818019702583,0.013983394350365042,0.021221666713030468,0.01302682796280728
Dim 155,0.03162948951757287,0.014579635542588638,0.021226205445410526,0.011734901498059154
Dim 156,0.02307007262519917,0.013129979819144405,0.01247171425038524,0.014390727426805073
Dim 157,0.018994466452621435,0.01267595830021925,0.026809510293765337,0.03973495342508245
Dim 158,0.011591758148650684,0.017734396771047246,0.01642893559054184,0.010602089095102955
Dim 159,0.016765684769913664,0.016197489880899307,0.009614846136427822,0.013103314092359344
Dim 160,0.012324839735121699,0.011890317588520249,0.024097988264821492,0.025290116375803123
Dim 161,0.015108783343293915,0.03654326588796024,0.014133619975906663,0.012173240949456435
Dim 162,0.03187213041595755,0.017489578027150465,0.010822646452066063,0.03790673524733059
Dim 163,0.011383671553051875,0.01845075939657012,0.011486176839448897,0.015891867524325178
Dim 164,0.015202258871985773,0.011510571912878666,0.014234497877992528,0.01600883731318523
Dim 165,0.013550841082423737,0.03916737065138323,0.0198787251884078,0.011220993688522795
Dim 166,0.014014757273475164,0.012936533079317341,0.02902560239309465,0.02066611625085962
Dim 167,0.024577307306292394,0.04471226390979265,0.018616677072215145,0.04101442169507294
Dim 168,0.01724408166360599,0.012764095347972118,0.012681875195569244,0.023967574408353173
Dim 169,0.02804218558464307,0.048724558786939,0.029512801147267436,0.018869664021723263
Dim 170,0.01574378330569345,0.015267320633376807,0.01208699482089475,0.03898526816166062
Dim 171,0.014240767409821761,0.04403580964799985,0.025052186400272708,0.01341615038761328
Dim 172,0.012608446463524214,0.013940748373602659,0.019699976703337743,0.03526749092746099
Dim 173,0.011573611412316323,0.02178086131302174,0.014423982022722463,0.02276389811851054
Dim 174,0.015348086341672321,0.018789321337064617,0.012838829990964602,0.01384915463328703
Dim 175,0.012452930104755969,0.022363039663123876,0.01575579626651799,0.03997776647170263
Dim 176,0.013808238728199354,0.019192988041207937,0.011642063259893965,0.013483600964033123
Dim 177,0.015986007661322535,0.01566468685941274,0.01129938911538793,0.03914302648848257
Dim 178,0.020985711252596396,0.03486695303178708,0.014161624690297152,0.013644038292285231
Dim 179,0.014838906009542461,0.02877554399829855,0.010953343514806452,0.012118070174305879
Dim 180,0.014554125767340952,0.0177111513848677,0.014792478084304388,0.023945070093734637
Dim 181,0.013856650442390643,0.013615196573341619,0.016292257010914305,0.024140187401420543
Dim 182,0.019768595220826315,0.012159273558663782,0.011994589131757128,0.013765272779371469
Dim 183,0.02393303994060744,0.016816940138896945,0.01568208239018131,0.015542493777011569
Dim 184,0.015227501638797733,0.03183280362186724,0.02786969637179827,0.0254869178786501
Dim 185,0.011436832786563522,0.030089200662532185,0.01397526136482726,0.013750635228475567
Dim 186,0.015113198331866627,0.012827396855254452,0.015255873799114032,0.014824130726860042
Dim 187,0.018838539531573845,0.01577185723331304,0.010693068680209847,0.012419047332937725
Dim 188,0.013205658364314875,0.013705397882305109,0.011603304788333366,0.010467570889062593
Dim 189,0.01830811933385721,0.017795386647745475,0.014336020346106964,0.01604366551535554
Dim 190,0.011081388131367309,0.014779038225426082,0.020455833495857334,0.01165572877714071
Dim 191,0.012654151368589158,0.026176171998307584,0.01297777316971433,0.016214601207651582
Dim 192,0.015398444324485536,0.015193926986468709,0.011542055721306822,0.019792759273826385
Dim 193,0.011777032467414253,0.012710107264951538,0.016569261126784238,0.03354694203296475
Dim 194,0.014120887618711523,0.017391229637705268,0.01901197036946698,0.015359662139901142
Dim 195,0.013004156660636234,0.032544470920279386,0.01350852729454993,0.047181855012875876
Dim 196,0.013414313060866765,0.013695623845119503,0.02145655460093182,0.02028331857149831
Dim 197,0.033295855406705335,0.023491387556316468,0.012001571117410764,0.014205687232745403
Dim 198,0.031727459615020666,0.017450624204113585,0.020311207747874913,0.024753039278748966
Dim 199,0.02047655752106428,0.01885175300889155,0.013659093901650295,0.014583940484107374
Dim 200,0.013319521245722908,0.011092508766284684,0.01665208631022615,0.011750017701650179
Dim 201,0.013416629072138968,0.016511697901235512,0.023508936044104384,0.023463566279114407
Dim 202,0.01069018351524558,0.014241116004321517,0.01423851274245763,0.02886823699395529
Dim 203,0.0157649064206357,0.017366111521669593,0.017512924625738405,0.03596432970664574
Dim 204,0.012371034390699495,0.010576816493140389,0.011714963659711614,0.02184707543132209
Dim 205,0.020804172033446325,0.012199774928399706,0.014784510913017803,0.016001604674035864
Dim 206,0.01575368945564913,0.018072492620514014,0.01938453964696517,0.020176497123424952
Dim 207,0.018848672831518355,0.014175241443536131,0.010757184875613349,0.02529889035921287
Dim 208,0.013358490752394146,0.019815779615319083,0.015000031229401776,0.03019119375697425
Dim 209,0.01264000608515231,0.018659115512506506,0.019128277162834866,0.013010826834935364
Dim 210,0.011813850703626623,0.023620837870576256,0.01747355781879473,0.013327580350603602
Dim 211,0.02132245710768057,0.014799500139095652,0.013074474733607499,0.030227618983198045
Dim 212,0.03072436419132337,0.014138247298348876,0.011203074352315202,0.020498709739668282
Dim 213,0.015118261563677961,0.013838963942793657,0.01168634419994844,0.03532998862404559
Dim 214,0.01831815933260926,0.018178460221629375,0.010319116308241477,0.04663687474052075
Dim 215,0.017567086083281485,0.029993148604811847,0.013887606868820545,0.024060401788564237
Dim 216,0.017268932162906,0.012433827980760289,0.016447453365103518,0.013190182039509751
Dim 217,0.014740952591810911,0.012010395307885198,0.012182287150496568,0.015576743495902797
Dim 218,0.01932068610865771,0.016277299331771286,0.010781878404481615,0.015440868283444228
Dim 219,0.011046063321396328,0.015804363011751223,0.019407588813188884,0.019943361682912858
Dim 220,0.015162746530398197,0.012888502133987602,0.021365553112019688,0.03822928851581236
Dim 221,0.012525190859010018,0.025797861557504027,0.01665539890910767,0.026978482940063855
Dim 222,0.03673782203112249,0.013920969899232832,0.01575128513520685,0.013683399608393793
Dim 223,0.014284096444497298,0.013914338416325217,0.01550791199090135,0.01573149492312687
Dim 224,0.021617060640324946,0.011973429676493985,0.010789092972485368,0.02767721529569954
Dim 225,0.03828968715414521,0.028948660649923606,0.012608852855791294,0.03064546769246596
Dim 226,0.014387576630383186,0.015463028687601238,0.013449700142065382,0.032624988973860666
Dim 227,0.022949757752703605,0.013783196736779989,0.022506934861068747,0.02755704023993597
Dim 228,0.017913477489821836,0.042703086786703794,0.010924971870124,0.02299726381924622
Dim 229,0.014437915525869763,0.011829946043132327,0.013700241543591429,0.014054225746154607
Dim 230,0.01376617415249923,0.014660722317735832,0.02050290771278104,0.016679296529903125
Dim 231,0.011781912054907166,0.014540390547919746,0.01638262027046019,0.03347711519041851
Dim 232,0.013521745450488122,0.010382183740252265,0.017859238871705388,0.012147945193290863
Dim 233,0.022475046418801024,0.018319895578846144,0.013522629320908053,0.03863339718957559
Dim 234,0.012678394219838914,0.01663004225196442,0.012133833638720774,0.012929505633217658
Dim 235,0.019659110825084796,0.01540489489353716,0.012391271200623144,0.014985139205263079
Dim 236,0.030041843794713436,0.013497589421463901,0.024057142628967812,0.012586670021663159
Dim 237,0.01325376151518103,0.021714897047018594,0.012446242048801107,0.020648671761587224
Dim 238,0.04269885563693718,0.013001932410405865,0.012543722652426056,0.015559983066461473
Dim 239,0.014962045053023381,0.0108154743049352,0.017983681114644254,0.015271677273921739
Dim 240,0.012869037513179972,0.015958435651619987,0.013493437974230882,0.012712866315121448
Dim 241,0.011214053628871725,0.01855688758534484,0.02692106333656072,0.01696167873031757
Dim 242,0.011877747505861371,0.021833958708378738,0.012603362434006535,0.016524841510856134
Dim 243,0.015357549218122797,0.023054582147476018,0.01221098153696712,0.03058446984215637
Dim 244,0.012183189550787206,0.012424836382664914,0.015563961523700385,0.014795574031451628
Dim 245,0.019228264461882732,0.0282714520031615,0.012130813472966689,0.033977352149632045
Dim 246,0.015736370574297918,0.017316709511312624,0.017839769151043648,0.019226674185940523
Dim 247,0.01371099460365857,0.015726952799122007,0.013396846749560109,0.020749544782678625
Dim 248,0.01628990884167784,0.012730243095734851,0.024255468303665425,0.026319681070998985
Dim 249,0.016761875432036506,0.011503399934941882,0.0151296852851981,0.01702363833005879
Dim 250,0.01418668553699425,0.012507836660132506,0.012889963726215958,0.07388048787980593
Dim 251,0.019228186867536315,0.02855205593861025,0.019171526356244677,0.03729607905938391
Dim 252,0.011877026001076893,0.025403638324533635,0.01846598523649532,0.01600839611440428
Dim 253,0.02330193380482676,0.01359341960901314,0.012820177615932023,0.01484695147533419
Dim 254,0.025839808545305654,0.022697115454127652,0.020297338441691522,0.01585811307365426
Dim 255,0.014437378235441823,0.015897152182937982,0.014494655426587972,0.014407926531587751
Dim 256,0.022346299184510657,0.014290662020746251,0.04092912876481249,0.026900119019845473
Dim 257,0.013728984536910635,0.022203871809439394,0.012882780750172903,0.031264407649605544
Dim 258,0.02868577715159405,0.020430163340876807,0.011842347027505539,0.013641354494469756
Dim 259,0.01891784534846674,0.01622155171473604,0.01336088199238791,0.02116221762860661
Dim 260,0.02013231359511657,0.020828537107731627,0.016414857450150297,0.014875483696435396
Dim 261,0.012395565113690337,0.015102048781290418,0.015138410072572136,0.021720909846813914
Dim 262,0.013898208227285599,0.014755167962961505,0.021955060238457308,0.020903441034856324
Dim 263,0.013883622074421998,0.019909080190761888,0.015881505275836427,0.013614051321156603
Dim 264,0.023665941160472506,0.016330816052782113,0.011665654941303552,0.01661043750392286
Dim 265,0.0154002072420132,0.022358121015235943,0.013357636989553832,0.026952573497698175
Dim 266,0.012828344094953474,0.01445729171365912,0.011582299543353632,0.029973883806014553
Dim 267,0.011972835152134905,0.01784003837632835,0.016453624314071557,0.022317165383684744
Dim 268,0.013733484029613496,0.024951138929529056,0.012162234223980157,0.020590511835632732
Dim 269,0.01641463347715747,0.01811338846757523,0.011202126317941975,0.05889315656903987
Dim 270,0.011988024875642518,0.026602955529401735,0.011759288125015832,0.0128099717073934
Dim 271,0.014884792896545193,0.027959718819707168,0.012140573698033754,0.018770866878892924
Dim 272,0.0105532649286934,0.020407251132665005,0.015308777478780778,0.017030785646484133
Dim 273,0.01593420597513063,0.01847293546573054,0.014356432008419158,0.023456727625323203
Dim 274,0.02623518626922874,0.018142802918524437,0.012484475538726038,0.037975152997776825
Dim 275,0.018921675142012387,0.012638327212706937,0.025953428905906427,0.03740564574436284
Dim 276,0.027903613272993018,0.012627758447547816,0.011634814075364043,0.03426910328452196
Dim 277,0.02156911334726376,0.03064499068580025,0.013095859051979927,0.02175771447943851
Dim 278,0.014321333256629253,0.017688338534931573,0.013386128372245525,0.011279389278296024
Dim 279,0.012860040831702294,0.015084920251849179,0.019431888328437726,0.02058027309219959
Dim 280,0.0104704517006742,0.02110850944014224,0.013904569545651424,0.014352682510201374
Dim 281,0.013960386978487782,0.012889434738094048,0.00924968966880348,0.014016663776541307
Dim 282,0.014408634615545875,0.014351476143180478,0.010804846151879596,0.011777254528397913
Dim 283,0.027812419483996896,0.014338229164936385,0.012792346114826849,0.01446012640618674
Dim 284,0.012376494933308389,0.013865557199345874,0.01447478962825028,0.020223373954341223
Dim 285,0.012882070087858187,0.014701603963935113,0.013273104716085575,0.01813997263825822
Dim 286,0.015606790910267627,0.011748170218744428,0.018010764686560172,0.024985250448294555
Dim 287,0.014180111364521098,0.02147721762704461,0.02067357078268422,0.041004718797703545
Dim 288,0.01777403656091237,0.01638221074877525,0.011902044327117276,0.035537784750569346
Dim 289,0.013088232970353957,0.011318756165538632,0.020829485079653775,0.015495499188407428
Dim 290,0.014325075133981461,0.015539052824192578,0.01188361432360857,0.020530494936863777
Dim 291,0.015328288891157787,0.01655432492492454,0.015162656630954625,0.013738418436984279
Dim 292,0.016451227224293166,0.020922876584211856,0.014736105822470525,0.014686699341167593
Dim 293,0.013308407126316358,0.01283273870345405,0.014006806643385723,0.020686924849142325
Dim 294,0.01619126101970244,0.016024239237211538,0.016762279011912358,0.013139535222903913
Dim 295,0.02925688074666913,0.03336958378857558,0.010906203121142332,0.016550562161153304
Dim 296,0.013425218244997546,0.016050536887116395,0.010623831911115614,0.016843311237089247
Dim 297,0.01430627513950256,0.012929076029996961,0.012193961498752452,0.013224395133594833
Dim 298,0.020351175213448383,0.014963061257641526,0.01592399777533397,0.016265797145309825
Dim 299,0.015601390440142917,0.012887640281316398,0.01560473021171649,0.015845219395324663
Dim 300,0.015016566145725023,0.024268405848127814,0.01410906241514697,0.028200194560605494
Dim 301,0.021603915038893053,0.01784505420821918,0.019688300751048212,0.010703652768321774
Dim 302,0.014456737985697871,0.012443075091609168,0.012775680055753963,0.014516128640876239
Dim 303,0.013721312371055566,0.01679060035919198,0.01092689351234036,0.020126416843796888
Dim 304,0.015847632413223418,0.015243918269534012,0.012890234127337046,0.04801609386069437
Dim 305,0.021564406041722942,0.013839923016840786,0.014628049001992938,0.012072034628235478
Dim 306,0.013376001714874504,0.013356467085091802,0.024483002171179203,0.013569900642991359
Dim 307,0.012566721810802338,0.011634939563751391,0.023722385446965685,0.013401988040830615
Dim 308,0.010376275357621681,0.013252051058542111,0.017507839025834433,0.012286705669191662
Dim 309,0.033015797339840454,0.0186208546922274,0.01431285885787764,0.023195952345445567
Dim 310,0.018079528991683295,0.011919789537463074,0.013772817456461788,0.022012080596201338
Dim 311,0.038258329294943674,0.015215712381701113,0.019563866955036712,0.012907644419469204
Dim 312,0.012547564052532191,0.03404600979104775,0.015160848602057865,0.014161016229466283
Dim 313,0.016662441649750385,0.012379178424115183,0.012430595264137824,0.012155119733883979
Dim 314,0.012084390870746226,0.013818846861416233,0.04261446312240172,0.02112580451645243
Dim 315,0.01573760543115503,0.013083226239601616,0.021560771120127265,0.0355894533723684
Dim 316,0.01185892005351149,0.01263496559329422,0.016434306783080607,0.0406141461420036
Dim 317,0.013653425581382342,0.012593122840641513,0.020221620475725545,0.021103389718971917
Dim 318,0.03215793889061714,0.013540822952602621,0.015769194681659177,0.013075402375152898
Dim 319,0.011974382625169451,0.017462815911687603,0.014551357868402323,0.02175584657625243
Dim 320,0.012655579626218579,0.01610415693974479,0.012310957827040055,0.013322399938809248
Dim 321,0.01417363195079479,0.023516142193568998,0.014646286945920026,0.02128678477338426
Dim 322,0.016551391546102138,0.012305610586926351,0.014020429258073683,0.012897119490192224
Dim 323,0.015355429112820026,0.014678505091596081,0.02397563796700702,0.013211920950861095
Dim 324,0.011756244885092693,0.012757331826791698,0.014739275911312353,0.017573274013825316
Dim 325,0.018166750900823755,0.013241886311027488,0.014143614355081836,0.011614134264502583
Dim 326,0.03159115621689191,0.012534952853612547,0.010467498780522314,0.014134753647138214
Dim 327,0.012736620023038525,0.014495038980104053,0.014795084220012808,0.014119546118949937
Dim 328,0.03639999332316567,0.016345660565308402,0.015378873658598474,0.01636166386019327
Dim 329,0.02109660372143207,0.012459511425899015,0.012369344712556535,0.01878666320530933
Dim 330,0.012909477353918269,0.01814764727804009,0.02000388421729247,0.012950700919132795
Dim 331,0.016915042730922425,0.018952289640866676,0.013445534919960046,0.02167206017783623
Dim 332,0.013044166471261123,0.022724086181312202,0.020616792520926835,0.012725699286886294
Dim 333,0.025154976956398352,0.019253133679428006,0.016065767943100585,0.015269456564058304
Dim 334,0.013952806387545934,0.01579823816796427,0.015541172171451425,0.022974980684513722
Dim 335,0.010858499195129285,0.023292329829563932,0.015484067307022394,0.025124676318580907
Dim 336,0.03026897855176449,0.017649438937009577,0.014725614839804215,0.013441503615031788
Dim 337,0.026528291674483357,0.027761900750972745,0.01653819200847174,0.03450903868083011
Dim 338,0.01514993463515098,0.03682721563873015,0.014141780118216932,0.015121246224769219
Dim 339,0.011141539631611927,0.011502416492717136,0.012074968073023397,0.017055591506915557
Dim 340,0.013775756787051705,0.012868322101186418,0.015735810141527813,0.012494680780823412
Dim 341,0.02503598977275827,0.013033097002388533,0.011241741016093666,0.02910932226898321
Dim 342,0.012156581006390638,0.023274720235906432,0.0236094280070325,0.012286832374906012
Dim 343,0.015201201731567287,0.01421105413288132,0.03081481563125066,0.01437208554338045
Dim 344,0.014590695004610124,0.027087443114026246,0.017369367205371643,0.015544504387080164
Dim 345,0.012372598867383513,0.016626433216608637,0.012825552382753446,0.02521036058142177
Dim 346,0.019618580958409633,0.02255789285819088,0.03151223883987015,0.011829773542887497
Dim 347,0.01234663758605879,0.014216811564271138,0.012477205325389209,0.011965270473133005
Dim 348,0.016485407362450008,0.021009742516626604,0.011924298942327766,0.014005842996511343
Dim 349,0.029492543572615503,0.026632113185023346,0.013593194569899622,0.024277389244031274
Dim 350,0.017457882356683153,0.016282495879043443,0.015399571726612866,0.03235404939974433
Dim 351,0.016473336855096558,0.012773926840297708,0.01247157721501533,0.013700726145024683
Dim 352,0.015031862330767157,0.015150176310583113,0.01270413005933567,0.01313167665445102
Dim 353,0.014019402715031565,0.017393118446657016,0.017103166905260505,0.022413592311178492
Dim 354,0.012789551145120181,0.013032786613868882,0.02228324382131518,0.01780878876334977
Dim 355,0.012938264289534982,0.013048831175264203,0.013176408485812183,0.025999605687146543
Dim 356,0.020736387246531124,0.018124689284267293,0.02014814430267647,0.05604975318514792
Dim 357,0.011646842453998768,0.015341857413125609,0.017563445647686544,0.016043992082185314
Dim 358,0.01829110665200669,0.01370659340272259,0.013360698497818808,0.013274121999905433
Dim 359,0.02976971970152332,0.017048429472316485,0.013246692093277343,0.020653945861843315
Dim 360,0.011792230293438706,0.01205409185707551,0.0121944100390274,0.02542702834042193
Dim 361,0.014618504464590242,0.025357797517593126,0.020292602682626757,0.012295229974821076
Dim 362,0.017525659238091372,0.019410112047071812,0.015097913031746648,0.03230785056233217
Dim 363,0.015623457234594651,0.014851471176319674,0.014133846072303492,0.01817654553028056
Dim 364,0.011737500976365736,0.01985073158867891,0.014260254206861825,0.015143945441541443
Dim 365,0.013365050777390248,0.01591762804442141,0.01700795647154689,0.010072066075155409
Dim 366,0.014429867555335492,0.02194595908006015,0.0121461599543706,0.026714248500914334
Dim 367,0.028189546363352573,0.017660721446254735,0.028711255439581248,0.014385941972973599
Dim 368,0.017910204617887268,0.03451102765899041,0.011813628290974758,0.01702841482374306
Dim 369,0.02092310581900775,0.015013908650832804,0.01721492152391372,0.019491761301430686
Dim 370,0.016525380906356895,0.012843529881254092,0.010815193468906172,0.03236556043138017
Dim 371,0.018678549986617922,0.011573741069965903,0.01225935432866465,0.015884850835572846
Dim 372,0.013727784897001534,0.030527358834942366,0.014975497953743082,0.026597382744418797
Dim 373,0.012013400902601777,0.014350616478813335,0.012834841493830044,0.013257803409567502
Dim 374,0.020922445624728402,0.020589488510680223,0.019667630780675207,0.01675411556835531
Dim 375,0.013575151072768873,0.023185809319575208,0.02020346923328057,0.012343546490715514
Dim 376,0.011002878258154858,0.01427791067931641,0.013131011634330348,0.04696978620455125
Dim 377,0.020724880766403293,0.012426890728251733,0.016825498966899617,0.032878998647664484
Dim 378,0.018079247811275855,0.013284863361760012,0.016806361831334864,0.01743771265029445
Dim 379,0.012112385616255748,0.012793214369323357,0.013981328560289835,0.0331973071050207
Dim 380,0.014684760429310507,0.025391840211502203,0.01855990188257142,0.02033545241565445
Dim 381,0.014975810006087996,0.011862931298902086,0.016759721408740214,0.014833652031427641
Dim 382,0.02371159734089514,0.0371627212589729,0.014670132870390668,0.023013870318337674
Dim 383,0.015692090654585038,0.016958199685595234,0.016241374899728832,0.012463998623159207
Dim 384,0.012941706091697777,0.014663508024746927,0.015388434221452304,0.03589881715724125
Dim 385,0.014505971953915045,0.01154538973915901,0.015594128098054914,0.013243194742717629
Dim 386,0.013929508233278189,0.01198802132606792,0.012378437237346145,0.018864574770061607
Dim 387,0.015433354521823019,0.019327393729982635,0.011737291637900625,0.02456976136387251
Dim 388,0.013271323583239339,0.019909281970557514,0.012035723672898749,0.029358809626023743
Dim 389,0.012762959873199373,0.014364887939972107,0.012773679669081606,0.02124247251941716
Dim 390,0.01285874586880881,0.019948384067191686,0.012963506402602168,0.04284994590210886
Dim 391,0.013375091720012472,0.02039418982312106,0.019812007663688787,0.015144207555866962
Dim 392,0.016213864640286013,0.015195678628720802,0.021008062534967297,0.018366942360265762
Dim 393,0.024939980610397962,0.02011421537532394,0.02192637335884225,0.016131070763821375
Dim 394,0.01189718793018664,0.012122314627891758,0.013656305475637292,0.011436368897175198
Dim 395,0.017097900933355684,0.01210162487657746,0.013391657155155386,0.02783244318333002
Dim 396,0.015055817460955318,0.03990717657504715,0.012360730983425359,0.029453614995437496
Dim 397,0.012690908454427852,0.018946224021211346,0.012476980083155557,0.014302479625912547
Dim 398,0.010718043938453572,0.016073145122148594,0.011725061026157143,0.013302455390578534
Dim 399,0.020606766477885362,0.035684116022361434,0.017726115475946273,0.01906776668996232
Dim 400,0.015549225709641902,0.021467934503949907,0.017159665164009307,0.016830085247024652
Dim 401,0.02720767196965817,0.012636131143827148,0.016658188158719382,0.033633781519420966
Dim 402,0.011198030653342473,0.01683806605140184,0.014110810328384201,0.025397069295496042
Dim 403,0.01226925776329733,0.0187121927546945,0.02039254750039721,0.0188652866163308
Dim 404,0.018528949012701412,0.012587960059602613,0.02135151885294711,0.030485148712791846
Dim 405,0.013781948350660274,0.011836447439627695,0.01164463730323127,0.014810153943003614
Dim 406,0.022077151965411455,0.018114027726099356,0.02861675178451445,0.013397440040866175
Dim 407,0.02977192343984621,0.010178047705077306,0.015396811270921186,0.01355392328570813
Dim 408,0.013395648188705554,0.020416272297468795,0.02632538089586056,0.014835318349721197
Dim 409,0.012925195792291223,0.021392872212973205,0.012187422680177957,0.01374223448997978
Dim 410,0.015014403779606082,0.016388795093234668,0.01617270650460244,0.015308329114200542
Dim 411,0.016833586857071224,0.025372181206686516,0.010566995032057106,0.011953849030619575
Dim 412,0.015120113897831742,0.013603490255471855,0.01964726085579081,0.026264056523779427
Dim 413,0.013005592306845552,0.01271984642832527,0.01466329377745112,0.01168079084423879
Dim 414,0.016080981929732632,0.01568277826390447,0.015013413646408881,0.03730716568047141
Dim 415,0.017677809576663567,0.013937164258404813,0.011356074590907348,0.01576500761368516
Dim 416,0.013328598779283917,0.01950824175592264,0.01691207902210001,0.010722721478074085
Dim 417,0.015852883565144443,0.015806840842375484,0.015674186849156772,0.02204847330985603
Dim 418,0.01824520665307565,0.0169944883539866,0.009569305144114854,0.016940315570100117
Dim 419,0.017823633574106414,0.01493184155866523,0.02109436276033046,0.012979735069206742
Dim 420,0.01505280720747531,0.018030071144339688,0.018868996224237777,0.013233710253685716
Dim 421,0.013441066730366708,0.016453993529328127,0.013772021289220362,0.03537095307939122
Dim 422,0.012569495976081757,0.017058564004280893,0.024888826121147036,0.021648585186153826
Dim 423,0.013499796882933023,0.018078532387887307,0.011825421213881356,0.026964005608810016
Dim 424,0.017053043408525512,0.027265601375649717,0.01814198928187417,0.04057031139675002
Dim 425,0.020541712981825968,0.013285997867092628,0.023802149079001567,0.033877855023748515
Dim 426,0.04083251975920291,0.013003306944047076,0.012290525336457175,0.011744715543110825
Dim 427,0.011016220450608299,0.012792325026012028,0.016904567762025684,0.012186515674633708
Dim 428,0.0167835386053735,0.012176869498612049,0.02166929285093032,0.016122599207690016
Dim 429,0.013208049555938016,0.014742520077363958,0.013090835700653003,0.02858100265593452
Dim 430,0.016372624219219867,0.01458787965080377,0.015934632517138336,0.021817471592648942
Dim 431,0.02882984719329025,0.024927102739986617,0.012210207000657117,0.011941579073546902
Dim 432,0.017762442956466683,0.016115433276263358,0.012719216107840194,0.03531266357381822
Dim 433,0.011216402595883081,0.014545753760388712,0.018867060353802464,0.01609263704052669
Dim 434,0.016567546654140827,0.011207580330778866,0.019813049061396963,0.0217770960899419
Dim 435,0.011526594148100726,0.013189504681473478,0.023435876165884797,0.02141888875812137
Dim 436,0.012355414781892376,0.01340583937076452,0.011465015867027094,0.020474104366911276
Dim 437,0.016042239046322758,0.013687058988898023,0.013078338331432886,0.01741444975157535
Dim 438,0.014817864919672801,0.01700650042551194,0.011678141379005389,0.01505442691186351
Dim 439,0.017211219297876633,0.016774402441319808,0.013636678018158562,0.012712627288222646
Dim 440,0.022681313443685326,0.019367307307502673,0.02065362543527692,0.017023416589757773
Dim 441,0.015152800138144278,0.013504338290915295,0.012322332566282667,0.014119203042645865
Dim 442,0.013746237692814708,0.013977663891561505,0.01783857276340937,0.014117806860058172
Dim 443,0.014158217321970734,0.012169166275012572,0.014237950749982225,0.024304681024183355
Dim 444,0.018055829101010345,0.019299311517290446,0.010794609743060327,0.021832053844497126
Dim 445,0.022661307202361182,0.01615128356357464,0.01321483225964739,0.019628409938319373
Dim 446,0.012302560842253672,0.01260697537236703,0.014147074937488516,0.019330829701118626
Dim 447,0.03071854854482299,0.0217671893476317,0.014061749323515303,0.016173292020136145
Dim 448,0.02369412261078519,0.016230892433785313,0.015233832449749211,0.014222673172597235
Dim 449,0.011655632581954387,0.024169904182183566,0.012019863835754813,0.037630796060298795
Dim 450,0.012564317949826431,0.012673275289666277,0.012774350711606597,0.01722562855730357
Dim 451,0.029476236695566694,0.021595890330082985,0.019330006534775766,0.014791577725841547
Dim 452,0.03227016241663947,0.013716580064376111,0.015460452971415233,0.01447077505018244
Dim 453,0.019896391580132494,0.02167041623829893,0.011451868702565362,0.041240134587131085
Dim 454,0.016212600112056497,0.015952247637060463,0.015081786379889892,0.016944464182313185
Dim 455,0.011379233864502585,0.011190146434870154,0.012965711781299414,0.015941145302452987
Dim 456,0.021760339181970553,0.01606539573398137,0.0223723562801551,0.01978728735841876
Dim 457,0.020034149271532926,0.01740565806628263,0.013647416710165573,0.015270978390535563
Dim 458,0.021236408464568663,0.01560854188304896,0.011659019659608484,0.01176265733463724
Dim 459,0.01658865638585138,0.012243144332180728,0.010483901404090994,0.03762150833259127
Dim 460,0.03377632220592613,0.027207350286862376,0.01477349770351041,0.012494563520715478
Dim 461,0.021572730109207856,0.016566347099812282,0.01357613237818897,0.03848857153121799
Dim 462,0.02129526854789615,0.012631928775114182,0.013676273456598675,0.034091680662116125
Dim 463,0.020868801722160032,0.012784052406785418,0.02190578022717446,0.02489231757840133
Dim 464,0.014751534658601243,0.02681290977786624,0.02009507517362735,0.017206045756805795
Dim 465,0.014252834356481423,0.039453694204907575,0.020434543878271393,0.023174543083181055
Dim 466,0.16033236197182843,0.01204876633922039,0.013902998188611255,0.040213185615679506
Dim 467,0.024957359430619105,0.013265587900634618,0.01993268041599542,0.01820136498195836
Dim 468,0.01644764843331986,0.011435594972141269,0.015234614905365311,0.01820174508096981
Dim 469,0.012660248255355005,0.013256474580231482,0.017020900441357796,0.021380296227814597
Dim 470,0.012725035400431748,0.011651156540046672,0.012658518422899567,0.016533441538640788
Dim 471,0.01848340119003171,0.014576598100685855,0.01501695170802115,0.023913181028561166
Dim 472,0.014038051961410423,0.013932356460829855,0.04493456321380121,0.0220946647094874
Dim 473,0.013085971745547615,0.014557553689593397,0.013120988374657921,0.017976775339891837
Dim 474,0.011075719753647429,0.024993594801376428,0.014920530090161335,0.012264909217407484
Dim 475,0.011821686316045655,0.01729484269708722,0.012355195726331803,0.02875187437773514
Dim 476,0.01273027491370427,0.011079084897235195,0.013240143203807838,0.013497526009633542
Dim 477,0.015555699223586173,0.025657085131672572,0.012261397452534193,0.023136815445296516
Dim 478,0.014114795179426612,0.01466566653764027,0.022269000115546257,0.02285337522791858
Dim 479,0.01886626185597786,0.011893896436061787,0.012939108079737185,0.04008467271630144
Dim 480,0.012433620198676075,0.018687862550821558,0.023839806268171133,0.015336682831443736
Dim 481,0.011832853025618833,0.013180255266080004,0.025075854032725584,0.011240750487679191
Dim 482,0.013830093594428192,0.015273303386863609,0.029228373103517426,0.01357816890099875
Dim 483,0.016245291380214626,0.012108064854406658,0.029142231328779335,0.020987737564461265
Dim 484,0.0554752382338375,0.013278110415377985,0.01127566138191973,0.022863441633578358
Dim 485,0.01622597329724469,0.011461221772652602,0.015528716488564766,0.012025144567114388
Dim 486,0.011787376692004437,0.014760108888966311,0.012700767717423811,0.0229147812503684
Dim 487,0.014093312531007316,0.013894373836284236,0.014195286265438391,0.011463488572741994
Dim 488,0.02225379839249083,0.022076366601491378,0.014869864356254783,0.031006473663273398
Dim 489,0.014625450004009449,0.011020568705302405,0.02039927479827967,0.020022659152699587
Dim 490,0.014616800744730343,0.01401518945692116,0.021734988686392804,0.011679549298263973
Dim 491,0.030182060699015523,0.015474868593030365,0.014613601001769321,0.011288157349621887
Dim 492,0.018009872181404086,0.0259364110722916,0.011663350339004815,0.03418027421969347
Dim 493,0.023805931994390572,0.011630823174091809,0.016904833248294455,0.02682846784772602
Dim 494,0.013438567229510088,0.016456162940553305,0.018202275352299825,0.026498469931952595
Dim 495,0.019809506742689536,0.017703684239447907,0.013284555674884912,0.012200382658748213
Dim 496,0.023165448194579878,0.03848727532035745,0.01253561616247316,0.02130094009865624
Dim 497,0.011972310555183868,0.015396232205501561,0.0321259067446793,0.015374719856278763
Dim 498,0.010978446463337146,0.015306642657346294,0.01155496716002618,0.03253584813459544
Dim 499,0.06174948823115244,0.01979889059548044,0.015628876790908148,0.017770507093106912
Dim 500,0.01108104135321805,0.017211905869554824,0.02707360906200548,0.04187886828039785
Dim 501,0.018422252822037563,0.01460612368349777,0.019434986017153648,0.012145833439916421
Dim 502,0.020377167206082774,0.016427870833687457,0.013236771709820088,0.013275677561634532
Dim 503,0.014062857022283503,0.012299514465533111,0.013680494684088195,0.029171857456779998
Dim 504,0.018798960544028562,0.012481957248394997,0.014634370842022794,0.010143202306449392
Dim 505,0.012565234456400948,0.014532847810755194,0.013488556205564793,0.013927683606336736
Dim 506,0.018576491656448233,0.01625271353880026,0.011547064790156922,0.014406787145199156
Dim 507,0.019344756056062916,0.014958004667352568,0.013171330672575495,0.03268000119893015
Dim 508,0.0659326912672198,0.020401855447236043,0.017601890223100602,0.015493664427698589
Dim 509,0.022441009069527725,0.010810336310525654,0.011490860759831273,0.011556834905412523
Dim 510,0.02118827920271306,0.018916745388092897,0.016308004547537423,0.01719607590854057
Dim 511,0.024339305683068718,0.020155154334031294,0.011385374206178021,0.026329339466166175
Dim 512,0.012948137735211473,0.014499084709808907,0.014551878792436693,0.0
Dim 513,0.01518296518715976,0.02960640085007578,0.011588518117968818,0.0
Dim 514,0.014546400341663119,0.013060067198257556,0.01372309665591156,0.0
Dim 515,0.042177601808632566,0.016722549855484825,0.01448241433887876,0.0
Dim 516,0.028038360632008645,0.019131872179190424,0.010667415765791922,0.0
Dim 517,0.013671258279761208,0.016798193471784108,0.013089601878369517,0.0
Dim 518,0.01180328344925124,0.015137086482925147,0.014885241506010042,0.0
Dim 519,0.017858056863608585,0.018885157991360976,0.015797073367163884,0.0
Dim 520,0.017891916251734745,0.014638403549374285,0.01658064821316528,0.0
Dim 521,0.029700527267167414,0.023348306085297713,0.0170951580763162,0.0
Dim 522,0.02206181566524268,0.013841172163474148,0.01628103536104332,0.0
Dim 523,0.01314156541209024,0.012048978303177743,0.012464165358718488,0.0
Dim 524,0.01922195175394056,0.020826024352912257,0.013195739788569355,0.0
Dim 525,0.012964358046856006,0.013016491312022526,0.014476389835537014,0.0
Dim 526,0.015168573244930894,0.019285294201477652,0.012103924883273345,0.0
Dim 527,0.016608670338409307,0.0121592231925228,0.014741360160233002,0.0
Dim 528,0.017993108139462904,0.014737556549548106,0.013762289650482182,0.0
Dim 529,0.02445847205838877,0.011692117446143853,0.014051167392814687,0.0
Dim 530,0.01129731746670439,0.01317608817351603,0.013054188525715563,0.0
Dim 531,0.011140059223369426,0.023941913768508623,0.021070625180060608,0.0
Dim 532,0.014077972091142173,0.012683896152691432,0.014376004237187335,0.0
Dim 533,0.01212874258725867,0.012733191240308427,0.009790316038495644,0.0
Dim 534,0.01379922153028886,0.017041628683564673,0.011883759432642764,0.0
Dim 535,0.016094954959694756,0.017889683431129944,0.012035383620063678,0.0
Dim 536,0.014753838827442614,0.011202113535477638,0.018058015233635517,0.0
Dim 537,0.018430052751955153,0.01831678366885361,0.011725912339199859,0.0
Dim 538,0.028989908838409392,0.021360242599083163,0.011831644103454273,0.0
Dim 539,0.01795092103028277,0.016582279660221216,0.022235891658021915,0.0
Dim 540,0.011686250689300378,0.016880548738838055,0.015388545806114156,0.0
Dim 541,0.014264942318446414,0.019621783997427308,0.01259644223211,0.0
Dim 542,0.013006195675184466,0.01473169933856458,0.01156475765685051,0.0
Dim 543,0.016573376617971303,0.01123507834387571,0.011581576508426592,0.0
Dim 544,0.012420259548542466,0.01811525554308783,0.01231033277026038,0.0
Dim 545,0.016692355473634887,0.017068715619763704,0.0192856427452897,0.0
Dim 546,0.016658610380175132,0.020563570127942028,0.01210728002497227,0.0
Dim 547,0.013520899380968643,0.01379566254582048,0.012660570218403467,0.0
Dim 548,0.012480757501473528,0.014895858551588679,0.028437040242255164,0.0
Dim 549,0.01324208409179756,0.02730526445569393,0.01319189144219287,0.0
Dim 550,0.017408743618560096,0.011391640664812833,0.013422212130667232,0.0
Dim 551,0.015835097845517242,0.015303465406177491,0.015151430019236101,0.0
Dim 552,0.02665780395686607,0.014861750658971155,0.015161572042061623,0.0
Dim 553,0.012722917454275012,0.01577588921412885,0.015505921186942172,0.0
Dim 554,0.01635517173312791,0.014899992755341368,0.014554619430402892,0.0
Dim 555,0.020534110103809584,0.010107891505309392,0.01647459728324136,0.0
Dim 556,0.010054872485790305,0.012103924413859404,0.036298346562942944,0.0
Dim 557,0.013221721667475494,0.014619177979932545,0.015519667481343575,0.0
Dim 558,0.021169402493482245,0.025375746232792762,0.012501442047347081,0.0
Dim 559,0.013066870211395964,0.016598363390738034,0.014361735099776958,0.0
Dim 560,0.014454595254041724,0.013151091511921793,0.013662818252966107,0.0
Dim 561,0.02061407328880992,0.02005088419855211,0.01140617045276259,0.0
Dim 562,0.021072436343629587,0.013078889977873308,0.037608198446347114,0.0
Dim 563,0.01852777579501791,0.02294696884871994,0.014181923452551964,0.0
Dim 564,0.018464286918301744,0.03507056416235488,0.011970599548214441,0.0
Dim 565,0.028988206512135756,0.01867739526026172,0.011654327246114824,0.0
Dim 566,0.016656139130509146,0.014169413147810344,0.013502465586960982,0.0
Dim 567,0.012335596579475786,0.020858402556100438,0.03770447501854177,0.0
Dim 568,0.024248214248351482,0.017824927875879117,0.01938037997973282,0.0
Dim 569,0.02571912764110786,0.012879342665158687,0.010448790111467711,0.0
Dim 570,0.014305703135923008,0.019377978903987132,0.018661644352836394,0.0
Dim 571,0.01302496915044859,0.018175341992343056,0.01416818971503312,0.0
Dim 572,0.017641746280846544,0.013273008954426594,0.013375237232487434,0.0
Dim 573,0.014876669293644227,0.026272196716984275,0.019629446516949835,0.0
Dim 574,0.015352370409257975,0.024173592673614526,0.012380107742096375,0.0
Dim 575,0.0186735439603914,0.01552987575111935,0.014300990965965437,0.0
Dim 576,0.010751705125308441,0.012697389733738917,0.012761983449014084,0.0
Dim 577,0.02493293420884574,0.012037767802427247,0.01365502604311295,0.0
Dim 578,0.015490700315747787,0.012822651693996556,0.014182937723852916,0.0
Dim 579,0.01375304941573134,0.026632326893072784,0.01618494337065628,0.0
Dim 580,0.014998140455163527,0.06191969165230184,0.012147905682099024,0.0
Dim 581,0.028265923426120873,0.020174731991799227,0.013154045956916776,0.0
Dim 582,0.011857753697306997,0.014307909365979896,0.012080141440863923,0.0
Dim 583,0.012945446118119448,0.023798938034185747,0.012021947229241225,0.0
Dim 584,0.013352666928876468,0.013995970227223913,0.013255417254608132,0.0
Dim 585,0.018245322423777115,0.015263240846907217,0.029414780801125712,0.0
Dim 586,0.018737533783888354,0.01412129310316544,0.020895516605664147,0.0
Dim 587,0.019080663050021113,0.013775649832580415,0.012103891312472461,0.0
Dim 588,0.0294655825616726,0.015819986580674864,0.013119641477537036,0.0
Dim 589,0.014861727844564902,0.026077221418516955,0.014062106417670089,0.0
Dim 590,0.01289051787627515,0.013085737023530076,0.01837698017428783,0.0
Dim 591,0.02572052538548423,0.03936951838166248,0.03533612801924301,0.0
Dim 592,0.016013235623458452,0.025986389165766864,0.011195676938232275,0.0
Dim 593,0.024433955487830204,0.018314739184703898,0.018054980247030446,0.0
Dim 594,0.06295144080133157,0.016813809907973553,0.015388019484489073,0.0
Dim 595,0.017953484797000357,0.02543375994983218,0.012732497996032915,0.0
Dim 596,0.016165699873649346,0.02601664664681605,0.026675928843871582,0.0
Dim 597,0.015454330292516609,0.020566561106920324,0.012325336755375168,0.0
Dim 598,0.011981872996802423,0.01699990824536458,0.012031643562618497,0.0
Dim 599,0.013925846444895962,0.015595701589450466,0.014905224386378178,0.0
Dim 600,0.012146776158333405,0.013515913381920366,0.01821424805034791,0.0
Dim 601,0.02626531412008107,0.011678106757219076,0.013662410676301083,0.0
Dim 602,0.018785633338829176,0.038220131931273806,0.013212213312658962,0.0
Dim 603,0.01859439581179657,0.01737826733899572,0.014872108629827576,0.0
Dim 604,0.01929734013346229,0.017841797140246765,0.012342944921986102,0.0
Dim 605,0.014389104744513603,0.02236735324996139,0.01714937586504579,0.0
Dim 606,0.01087650651839845,0.01308583366149387,0.023617429523169083,0.0
Dim 607,0.011461322953767457,0.022583033800817425,0.015756798686330672,0.0
Dim 608,0.027193199411302466,0.016927994524222764,0.013764045269711575,0.0
Dim 609,0.01731475384612642,0.05696172169271727,0.01710616089972188,0.0
Dim 610,0.01443815434751369,0.017054275632698027,0.0217973426245468,0.0
Dim 611,0.015261993732672355,0.012369182581856953,0.012333839397636985,0.0
Dim 612,0.013237931291312842,0.02181810165437349,0.012604815161140223,0.0
Dim 613,0.016548538399326282,0.015557427498937335,0.023196972676875212,0.0
Dim 614,0.012415134280990591,0.017547816752973292,0.010929715676757107,0.0
Dim 615,0.012088042824141875,0.013443011276133883,0.025351419321406193,0.0
Dim 616,0.01235739482614451,0.012165170848410104,0.015019063448927438,0.0
Dim 617,0.01455226961205462,0.06286278185479324,0.011850110249385676,0.0
Dim 618,0.012816110368532009,0.01124734238292917,0.013236301331181536,0.0
Dim 619,0.011925262473374044,0.02163778890931916,0.013342747442888781,0.0
Dim 620,0.01827712928306277,0.014162799066044325,0.013330099453694162,0.0
Dim 621,0.015443072619301829,0.014195726734690458,0.04335219877004396,0.0
Dim 622,0.014946997833761843,0.013822258618015433,0.02060956290203377,0.0
Dim 623,0.014986131069163786,0.013000381402542662,0.013143834424467248,0.0
Dim 624,0.012752084114120684,0.01763601050128261,0.013205102594062944,0.0
Dim 625,0.02045600765004739,0.01325991657491781,0.010016678151678409,0.0
Dim 626,0.0184922899205135,0.0836652558039831,0.015086926765246554,0.0
Dim 627,0.013783235209936196,0.016854537097774746,0.019501427957105483,0.0
Dim 628,0.014851653965815788,0.012502901506224724,0.012362019978658942,0.0
Dim 629,0.011577695928025144,0.024734115586118564,0.012495676455621291,0.0
Dim 630,0.03498265652505947,0.018072824670642862,0.013885424291795628,0.0
Dim 631,0.014121752580401041,0.01343901588800651,0.014709348333965809,0.0
Dim 632,0.016560637797261003,0.01237263542073862,0.022194192436995507,0.0
Dim 633,0.014142884036378625,0.01390059241736476,0.014575354993337007,0.0
Dim 634,0.01994500768180931,0.02307206624077336,0.020958948011926097,0.0
Dim 635,0.0317437033743804,0.012745295325949549,0.014756945026143503,0.0
Dim 636,0.01317515560380527,0.01795677577579114,0.012926977733347235,0.0
Dim 637,0.01936735039067323,0.012767352321220466,0.01908208134607833,0.0
Dim 638,0.026253645652778695,0.020939306807330915,0.018923122304075137,0.0
Dim 639,0.013113120677712906,0.01334491743395452,0.014617018208890286,0.0
Dim 640,0.012530283601842721,0.015273260503464642,0.015991757826784952,0.0
Dim 641,0.014771116079293815,0.021826235151269153,0.023804196031406294,0.0
Dim 642,0.012606233929742696,0.04020019548226744,0.013815292398835666,0.0
Dim 643,0.013697687476217243,0.012553824158068968,0.013643913289331329,0.0
Dim 644,0.012413313284280504,0.038872516077964644,0.01686422959722564,0.0
Dim 645,0.015484503570457176,0.02589843019450247,0.020314807442327155,0.0
Dim 646,0.015445140614072529,0.013677889936662807,0.010586993371255448,0.0
Dim 647,0.011307222569630864,0.021537191128324275,0.017466151137651462,0.0
Dim 648,0.01177912045991234,0.022930928237638468,0.01164117977746985,0.0
Dim 649,0.014428666010268015,0.021065289743946492,0.01616567807649041,0.0
Dim 650,0.018845802554247015,0.013454792005212749,0.014972718562408992,0.0
Dim 651,0.016727746687510325,0.02107171990804972,0.015189380613134346,0.0
Dim 652,0.015828726597687397,0.018793218206958232,0.014265702312848719,0.0
Dim 653,0.013859149114278433,0.013329234748659062,0.025702798347598088,0.0
Dim 654,0.015056219705298397,0.026843573288257937,0.012228845325995911,0.0
Dim 655,0.01263928027442246,0.016456851243231176,0.014183419868563214,0.0
Dim 656,0.03434719080454676,0.018548773277643864,0.011739066956011159,0.0
Dim 657,0.02395597852394607,0.01911672073954413,0.017632484295138116,0.0
Dim 658,0.010914051936237856,0.04806219076544761,0.011054755105985761,0.0
Dim 659,0.012774648721053238,0.018017901121903684,0.010557760154936672,0.0
Dim 660,0.018035234686144586,0.015326970429897654,0.022682071823114346,0.0
Dim 661,0.014306967582194406,0.01547050609692606,0.013870953713105608,0.0
Dim 662,0.011528455732160664,0.011587808237911782,0.014400108653731149,0.0
Dim 663,0.013609441284565791,0.01689253206208453,0.017689251672590837,0.0
Dim 664,0.013002567458963495,0.02858574070169898,0.01216381459752965,0.0
Dim 665,0.013174307672917697,0.015489639088104194,0.018721984453146656,0.0
Dim 666,0.012599312800709507,0.016300738044877375,0.016389957656206575,0.0
Dim 667,0.016064700404941675,0.013600441921297736,0.013931814533294822,0.0
Dim 668,0.02151668360623041,0.030776533358097758,0.013829386197685731,0.0
Dim 669,0.015003382448160744,0.01335847625070215,0.020706877066743717,0.0
Dim 670,0.04117991168666714,0.011839344856117876,0.012802927989244569,0.0
Dim 671,0.0131583841284863,0.016167555042662055,0.01328338402682013,0.0
Dim 672,0.015635681944200452,0.021963315323856435,0.026102580576161438,0.0
Dim 673,0.02325193372677047,0.01415761599848907,0.011967250332758347,0.0
Dim 674,0.013056435498549863,0.01252728406931606,0.01932303528048885,0.0
Dim 675,0.019327904633292235,0.01755405627037153,0.015087596402322977,0.0
Dim 676,0.016489962841853473,0.014179826130445715,0.017590866400707925,0.0
Dim 677,0.0169266695106122,0.014106720120219645,0.011928688094631257,0.0
Dim 678,0.025814283859022423,0.01925220706517846,0.012544301054937026,0.0
Dim 679,0.015392801244339543,0.01767339849499277,0.011272179195467576,0.0
Dim 680,0.01643500164395073,0.015440708708653139,0.017158270544719547,0.0
Dim 681,0.013323481731948155,0.015698455532987442,0.010049773445442601,0.0
Dim 682,0.01557105214982625,0.015132430600502383,0.014267745994054655,0.0
Dim 683,0.01987418278882377,0.023130357039391158,0.013529200239151998,0.0
Dim 684,0.012738599866349612,0.014430849155482914,0.012262191138512082,0.0
Dim 685,0.01340168595997513,0.01488626617368067,0.011718300534888678,0.0
Dim 686,0.010424271605390023,0.017215861209487142,0.014273537636214306,0.0
Dim 687,0.019857829309371113,0.027947566242560215,0.016681672784532205,0.0
Dim 688,0.015984754705412975,0.013111035443589679,0.014266231166861168,0.0
Dim 689,0.019699616249660355,0.02516322599451648,0.01068621880664892,0.0
Dim 690,0.017981755413250713,0.028779432159334283,0.013455803475116504,0.0
Dim 691,0.03643222368127111,0.032706980101368015,0.015021025996046296,0.0
Dim 692,0.018449639647203635,0.01162392797303195,0.013519143751799897,0.0
Dim 693,0.01333897607336659,0.011921979836559063,0.011662549048316775,0.0
Dim 694,0.012123778578967967,0.02108253684557069,0.010939367863639526,0.0
Dim 695,0.017492749652486095,0.027842110973689247,0.012788345815759727,0.0
Dim 696,0.012964524341741541,0.017561692423927685,0.012282809682528675,0.0
Dim 697,0.02081966937969718,0.021112878188901896,0.01190132120214901,0.0
Dim 698,0.019410929119453146,0.014116871906697493,0.012607182444751749,0.0
Dim 699,0.025224309856417302,0.014086306230938362,0.015855317385950616,0.0
Dim 700,0.01489084594174107,0.023560678945619085,0.01477119652522337,0.0
Dim 701,0.01376880609382039,0.021945603968241766,0.013227468606079386,0.0
Dim 702,0.034645754272498344,0.02085757751976164,0.01952347740693865,0.0
Dim 703,0.01436844152541174,0.018953183554488523,0.01707400089932844,0.0
Dim 704,0.022170435282725144,0.016433871866568833,0.018887956828547416,0.0
Dim 705,0.01891844594817551,0.02053295234864861,0.01130404167256313,0.0
Dim 706,0.013602214011342642,0.012147676410221499,0.014085929279073733,0.0
Dim 707,0.017737195466476247,0.01289849158403285,0.012690408084890864,0.0
Dim 708,0.012708253170561543,0.012776720118487425,0.01417084294060128,0.0
Dim 709,0.027478033898724434,0.012683304675813882,0.01205956360751432,0.0
Dim 710,0.016476913135565305,0.014408427567736103,0.01673552285369216,0.0
Dim 711,0.011293608306940834,0.014506490187968964,0.01159903640818383,0.0
Dim 712,0.01523578342748109,0.01487006773294052,0.017758900960093534,0.0
Dim 713,0.022265968703799783,0.018501285324833788,0.010589304100796358,0.0
Dim 714,0.016036470773962717,0.015931257820250077,0.021297175875961288,0.0
Dim 715,0.01517575364315216,0.011058510115718668,0.01082366744926454,0.0
Dim 716,0.013085326307321739,0.01430634404054041,0.012506589016602104,0.0
Dim 717,0.015614307645117757,0.015017042523853436,0.01587691478801917,0.0
Dim 718,0.02000607900035602,0.013364699651329854,0.022409132932191007,0.0
Dim 719,0.0271743859298494,0.014198912042464266,0.0241674980349681,0.0
Dim 720,0.013254528739951353,0.011559657675436225,0.016211227262716777,0.0
Dim 721,0.015517989031477933,0.01234349467922769,0.014218939984026985,0.0
Dim 722,0.025320270204758022,0.01910094264886968,0.01694193259293956,0.0
Dim 723,0.01601572646500463,0.016327196895194754,0.018294847362923868,0.0
Dim 724,0.02094470257130808,0.017718685210014292,0.018403822799338124,0.0
Dim 725,0.014048677022941953,0.026250074483614085,0.03518464410613405,0.0
Dim 726,0.019445651831578422,0.014038915815505528,0.011876511747005986,0.0
Dim 727,0.01252639524746357,0.01568484466897856,0.012847015684534323,0.0
Dim 728,0.013992192165436504,0.019749683975509236,0.012175114596391938,0.0
Dim 729,0.037884653962888246,0.01579526237380356,0.011377947118362548,0.0
Dim 730,0.04742140014083685,0.023693067693698246,0.013766016785921735,0.0
Dim 731,0.014039407038039499,0.025570774003698928,0.014174941271278014,0.0
Dim 732,0.01896010489889779,0.014258821956050279,0.013860740859441813,0.0
Dim 733,0.018050571806691514,0.01185886999813048,0.022055792690271563,0.0
Dim 734,0.015232306827826721,0.03859975009699272,0.014838578324370183,0.0
Dim 735,0.010860565985863959,0.03774307706168469,0.013428122959297947,0.0
Dim 736,0.024172572461154132,0.01661143193268034,0.03385953835751411,0.0
Dim 737,0.011125832530680104,0.012597700706562558,0.035048792266672665,0.0
Dim 738,0.051303104915176125,0.013566217480540594,0.012080127309257437,0.0
Dim 739,0.02590320948533575,0.046114787283386124,0.014003039977164877,0.0
Dim 740,0.018755392991891516,0.021348499105284406,0.014330809986683875,0.0
Dim 741,0.013066646607211015,0.024634666424596725,0.014658775395543387,0.0
Dim 742,0.03411425902979719,0.014889066797626666,0.010860903349255177,0.0
Dim 743,0.010111341191524185,0.012825205499626008,0.019416720561768432,0.0
Dim 744,0.01433988692103227,0.013257859589619572,0.014565569992372032,0.0
Dim 745,0.013192051276199587,0.01733014771210396,0.01959995265232131,0.0
Dim 746,0.015400271926795361,0.02044533830167738,0.015216170612167464,0.0
Dim 747,0.03273368274345898,0.02781788982377508,0.019539933471244955,0.0
Dim 748,0.0273510718297541,0.02348578177592845,0.013035242066407328,0.0
Dim 749,0.014494506062403432,0.01862405878341032,0.022493469688493254,0.0
Dim 750,0.012049482833070956,0.016063715366743017,0.014197308405854066,0.0
Dim 751,0.01270329590786449,0.022270708208521887,0.021830211457527803,0.0
Dim 752,0.029713695135972808,0.033372072173332414,0.011841224126660874,0.0
Dim 753,0.015311578776240741,0.01902346601670709,0.014631467695720907,0.0
Dim 754,0.01913921775211157,0.018458056484941684,0.012180213350874975,0.0
Dim 755,0.037998105544953364,0.025892261494441324,0.016941800105876387,0.0
Dim 756,0.012283714831237934,0.014834273772626262,0.016885520318059382,0.0
Dim 757,0.011551271498493719,0.02617025361343801,0.015705262111659585,0.0
Dim 758,0.02046655982808636,0.01828995195571123,0.011531872200549659,0.0
Dim 759,0.01838163783318822,0.013518256470299521,0.017018982347324324,0.0
Dim 760,0.020267426437660118,0.02327223800425459,0.015886396193163652,0.0
Dim 761,0.01876811759736683,0.016493400997416502,0.01614576626140027,0.0
Dim 762,0.01579175487807135,0.018138757542915215,0.03095642742225511,0.0
Dim 763,0.013357228035060712,0.013087196430316314,0.023846334479884667,0.0
Dim 764,0.013604536806675687,0.013147231978945533,0.012494598003582349,0.0
Dim 765,0.039974073455926004,0.01527985369445885,0.013651470403651198,0.0
Dim 766,0.00969085734662779,0.015119644415204402,0.02662863509684989,0.0
Dim 767,0.013424620819569423,0.012409413774661069,0.012012945338939202,0.0
Dim 768,0.0,0.0,0.0223109242231666,0.0
Dim 769,0.0,0.0,0.012514686503729324,0.0
Dim 770,0.0,0.0,0.012676316103505253,0.0
Dim 771,0.0,0.0,0.017453943538538567,0.0
Dim 772,0.0,0.0,0.01099467111669506,0.0
Dim 773,0.0,0.0,0.012759197980099597,0.0
Dim 774,0.0,0.0,0.02390448352662602,0.0
Dim 775,0.0,0.0,0.010425488443187077,0.0
Dim 776,0.0,0.0,0.010410210727825693,0.0
Dim 777,0.0,0.0,0.011885973220768828,0.0
Dim 778,0.0,0.0,0.01728961720058234,0.0
Dim 779,0.0,0.0,0.01173335396399087,0.0
Dim 780,0.0,0.0,0.022332966204658217,0.0
Dim 781,0.0,0.0,0.015564127005747613,0.0
Dim 782,0.0,0.0,0.01275049096038239,0.0
Dim 783,0.0,0.0,0.027222795501014016,0.0
Dim 784,0.0,0.0,0.016454391311905646,0.0
Dim 785,0.0,0.0,0.01910040317336324,0.0
Dim 786,0.0,0.0,0.015905755868574904,0.0
Dim 787,0.0,0.0,0.013329273106522955,0.0
Dim 788,0.0,0.0,0.012045215669146379,0.0
Dim 789,0.0,0.0,0.017450616475771737,0.0
Dim 790,0.0,0.0,0.016737281821335655,0.0
Dim 791,0.0,0.0,0.01855569270313698,0.0
Dim 792,0.0,0.0,0.02002650489540355,0.0
Dim 793,0.0,0.0,0.013700516137109108,0.0
Dim 794,0.0,0.0,0.010155909257419923,0.0
Dim 795,0.0,0.0,0.014715776480984193,0.0
Dim 796,0.0,0.0,0.014388393261390606,0.0
Dim 797,0.0,0.0,0.013459270060863034,0.0
Dim 798,0.0,0.0,0.011812660765125951,0.0
Dim 799,0.0,0.0,0.013148428063162023,0.0
Dim 800,0.0,0.0,0.024505712581075922,0.0
Dim 801,0.0,0.0,0.010990164752524925,0.0
Dim 802,0.0,0.0,0.010683294089870763,0.0
Dim 803,0.0,0.0,0.014353850455126075,0.0
Dim 804,0.0,0.0,0.013248969312544708,0.0
Dim 805,0.0,0.0,0.012985090011075433,0.0
Dim 806,0.0,0.0,0.03660282388026829,0.0
Dim 807,0.0,0.0,0.012127685593104866,0.0
Dim 808,0.0,0.0,0.013484956557357665,0.0
Dim 809,0.0,0.0,0.01324566118324193,0.0
Dim 810,0.0,0.0,0.013586167189771544,0.0
Dim 811,0.0,0.0,0.011724130524320742,0.0
Dim 812,0.0,0.0,0.011679591019720909,0.0
Dim 813,0.0,0.0,0.012084062434686696,0.0
Dim 814,0.0,0.0,0.020255325388899126,0.0
Dim 815,0.0,0.0,0.010364925432097221,0.0
Dim 816,0.0,0.0,0.014939269163855221,0.0
Dim 817,0.0,0.0,0.017228309329720193,0.0
Dim 818,0.0,0.0,0.016587254038668512,0.0
Dim 819,0.0,0.0,0.012320077620105823,0.0
Dim 820,0.0,0.0,0.012393483824307522,0.0
Dim 821,0.0,0.0,0.01167523429009216,0.0
Dim 822,0.0,0.0,0.012361019288020468,0.0
Dim 823,0.0,0.0,0.012650088034755253,0.0
Dim 824,0.0,0.0,0.013446621806021573,0.0
Dim 825,0.0,0.0,0.010913834608593246,0.0
Dim 826,0.0,0.0,0.01383610139393612,0.0
Dim 827,0.0,0.0,0.018737369967598977,0.0
Dim 828,0.0,0.0,0.01608969734645516,0.0
Dim 829,0.0,0.0,0.01595362500134776,0.0
Dim 830,0.0,0.0,0.013207677353296626,0.0
Dim 831,0.0,0.0,0.014261563091455315,0.0
Dim 832,0.0,0.0,0.020497325458556554,0.0
Dim 833,0.0,0.0,0.020562220115398617,0.0
Dim 834,0.0,0.0,0.01171110066916293,0.0
Dim 835,0.0,0.0,0.01762008095843219,0.0
Dim 836,0.0,0.0,0.015214289990281727,0.0
Dim 837,0.0,0.0,0.011722919751223379,0.0
Dim 838,0.0,0.0,0.01436013996565091,0.0
Dim 839,0.0,0.0,0.011850880915883181,0.0
Dim 840,0.0,0.0,0.01135238731404756,0.0
Dim 841,0.0,0.0,0.013300210167422616,0.0
Dim 842,0.0,0.0,0.011469208234389698,0.0
Dim 843,0.0,0.0,0.019670405055614498,0.0
Dim 844,0.0,0.0,0.025986161429716603,0.0
Dim 845,0.0,0.0,0.017280492373651347,0.0
Dim 846,0.0,0.0,0.014325367461915905,0.0
Dim 847,0.0,0.0,0.011982557228585636,0.0
Dim 848,0.0,0.0,0.018237577084445834,0.0
Dim 849,0.0,0.0,0.016467861690752084,0.0
Dim 850,0.0,0.0,0.014026711780623846,0.0
Dim 851,0.0,0.0,0.010335131161340735,0.0
Dim 852,0.0,0.0,0.012051029918339387,0.0
Dim 853,0.0,0.0,0.011726601455170444,0.0
Dim 854,0.0,0.0,0.015477036133194899,0.0
Dim 855,0.0,0.0,0.02680340421682263,0.0
Dim 856,0.0,0.0,0.016253067879462516,0.0
Dim 857,0.0,0.0,0.010671674846770776,0.0
Dim 858,0.0,0.0,0.0163873427052324,0.0
Dim 859,0.0,0.0,0.01316461673973005,0.0
Dim 860,0.0,0.0,0.024297242764361914,0.0
Dim 861,0.0,0.0,0.01395577683533739,0.0
Dim 862,0.0,0.0,0.02468517333996204,0.0
Dim 863,0.0,0.0,0.01258947718288428,0.0
Dim 864,0.0,0.0,0.012617117263912974,0.0
Dim 865,0.0,0.0,0.022486219339239756,0.0
Dim 866,0.0,0.0,0.016405901954404875,0.0
Dim 867,0.0,0.0,0.013125327254965959,0.0
Dim 868,0.0,0.0,0.013926239943844175,0.0
Dim 869,0.0,0.0,0.023399956878613917,0.0
Dim 870,0.0,0.0,0.013390207148959589,0.0
Dim 871,0.0,0.0,0.011147691965545416,0.0
Dim 872,0.0,0.0,0.01749686621250289,0.0
Dim 873,0.0,0.0,0.015808453017358774,0.0
Dim 874,0.0,0.0,0.020492628828068123,0.0
Dim 875,0.0,0.0,0.01342373920914343,0.0
Dim 876,0.0,0.0,0.012870314186381302,0.0
Dim 877,0.0,0.0,0.02805704225826053,0.0
Dim 878,0.0,0.0,0.015615626274444707,0.0
Dim 879,0.0,0.0,0.028053311261327613,0.0
Dim 880,0.0,0.0,0.018592015993695008,0.0
Dim 881,0.0,0.0,0.012762341615470251,0.0
Dim 882,0.0,0.0,0.013989888947515816,0.0
Dim 883,0.0,0.0,0.018407768952675173,0.0
Dim 884,0.0,0.0,0.018068966120933127,0.0
Dim 885,0.0,0.0,0.013348816138953378,0.0
Dim 886,0.0,0.0,0.012662257983755846,0.0
Dim 887,0.0,0.0,0.013333021237714605,0.0
Dim 888,0.0,0.0,0.016462525454420125,0.0
Dim 889,0.0,0.0,0.017431549259807784,0.0
Dim 890,0.0,0.0,0.016700134933823652,0.0
Dim 891,0.0,0.0,0.012231439216327343,0.0
Dim 892,0.0,0.0,0.018605563101201143,0.0
Dim 893,0.0,0.0,0.013433173467938249,0.0
Dim 894,0.0,0.0,0.016818377846931798,0.0
Dim 895,0.0,0.0,0.013861045493210484,0.0
Dim 896,0.0,0.0,0.015359620632673847,0.0
Dim 897,0.0,0.0,0.01213943706022734,0.0
Dim 898,0.0,0.0,0.013787737387853325,0.0
Dim 899,0.0,0.0,0.012835682146060406,0.0
Dim 900,0.0,0.0,0.014042742724819729,0.0
Dim 901,0.0,0.0,0.019015618389080956,0.0
Dim 902,0.0,0.0,0.012905620117287646,0.0
Dim 903,0.0,0.0,0.01155857182316328,0.0
Dim 904,0.0,0.0,0.010241290913196258,0.0
Dim 905,0.0,0.0,0.01792074091417215,0.0
Dim 906,0.0,0.0,0.011293893484439436,0.0
Dim 907,0.0,0.0,0.01241070136774486,0.0
Dim 908,0.0,0.0,0.01324271247848836,0.0
Dim 909,0.0,0.0,0.017409363175245367,0.0
Dim 910,0.0,0.0,0.02594767668721961,0.0
Dim 911,0.0,0.0,0.01953205494081626,0.0
Dim 912,0.0,0.0,0.01192766818641609,0.0
Dim 913,0.0,0.0,0.012926476716054775,0.0
Dim 914,0.0,0.0,0.014663019665235456,0.0
Dim 915,0.0,0.0,0.014519588446259238,0.0
Dim 916,0.0,0.0,0.015085470247249438,0.0
Dim 917,0.0,0.0,0.01656687503483638,0.0
Dim 918,0.0,0.0,0.02142080670507362,0.0
Dim 919,0.0,0.0,0.02007037014146024,0.0
Dim 920,0.0,0.0,0.013114076532836949,0.0
Dim 921,0.0,0.0,0.013326584859727606,0.0
Dim 922,0.0,0.0,0.014441909914598485,0.0
Dim 923,0.0,0.0,0.018390179028794713,0.0
Dim 924,0.0,0.0,0.012234149481640949,0.0
Dim 925,0.0,0.0,0.01465168217284216,0.0
Dim 926,0.0,0.0,0.013345610923267234,0.0
Dim 927,0.0,0.0,0.014112793663626519,0.0
Dim 928,0.0,0.0,0.017194632610212594,0.0
Dim 929,0.0,0.0,0.030075440328630552,0.0
Dim 930,0.0,0.0,0.012763102872726485,0.0
Dim 931,0.0,0.0,0.019773703153809986,0.0
Dim 932,0.0,0.0,0.012010397981948496,0.0
Dim 933,0.0,0.0,0.011616471238329566,0.0
Dim 934,0.0,0.0,0.024235629274933505,0.0
Dim 935,0.0,0.0,0.012808467277460569,0.0
Dim 936,0.0,0.0,0.019442687504774354,0.0
Dim 937,0.0,0.0,0.013347310121820576,0.0
Dim 938,0.0,0.0,0.01540689579290133,0.0
Dim 939,0.0,0.0,0.012374772273820469,0.0
Dim 940,0.0,0.0,0.014423498604492923,0.0
Dim 941,0.0,0.0,0.010321292946519064,0.0
Dim 942,0.0,0.0,0.025194151551295858,0.0
Dim 943,0.0,0.0,0.016753026226752652,0.0
Dim 944,0.0,0.0,0.013930680315476078,0.0
Dim 945,0.0,0.0,0.010339981248672402,0.0
Dim 946,0.0,0.0,0.010908762284228594,0.0
Dim 947,0.0,0.0,0.011549255479311222,0.0
Dim 948,0.0,0.0,0.014206945706070487,0.0
Dim 949,0.0,0.0,0.015651074838880705,0.0
Dim 950,0.0,0.0,0.022003379220650546,0.0
Dim 951,0.0,0.0,0.013731433682482438,0.0
Dim 952,0.0,0.0,0.014269341635647047,0.0
Dim 953,0.0,0.0,0.014905252693554439,0.0
Dim 954,0.0,0.0,0.013100580438476957,0.0
Dim 955,0.0,0.0,0.011137418667027742,0.0
Dim 956,0.0,0.0,0.020498007361790273,0.0
Dim 957,0.0,0.0,0.01639652427022144,0.0
Dim 958,0.0,0.0,0.013356211855293142,0.0
Dim 959,0.0,0.0,0.014507251988458076,0.0
Dim 960,0.0,0.0,0.012959332755379055,0.0
Dim 961,0.0,0.0,0.011991288910534185,0.0
Dim 962,0.0,0.0,0.020610725726271227,0.0
Dim 963,0.0,0.0,0.013504535307434604,0.0
Dim 964,0.0,0.0,0.01455689988005049,0.0
Dim 965,0.0,0.0,0.012032422970745228,0.0
Dim 966,0.0,0.0,0.013090410361349548,0.0
Dim 967,0.0,0.0,0.01244619165364954,0.0
Dim 968,0.0,0.0,0.016315026953012846,0.0
Dim 969,0.0,0.0,0.012447087892079725,0.0
Dim 970,0.0,0.0,0.012600699762151175,0.0
Dim 971,0.0,0.0,0.014682625282172934,0.0
Dim 972,0.0,0.0,0.017327005283524606,0.0
Dim 973,0.0,0.0,0.013325767540356656,0.0
Dim 974,0.0,0.0,0.014727346669458664,0.0
Dim 975,0.0,0.0,0.019528296887053636,0.0
Dim 976,0.0,0.0,0.011936718494190016,0.0
Dim 977,0.0,0.0,0.012470392151480875,0.0
Dim 978,0.0,0.0,0.015208831814579734,0.0
Dim 979,0.0,0.0,0.01164910624096269,0.0
Dim 980,0.0,0.0,0.028591798762409998,0.0
Dim 981,0.0,0.0,0.013664667043555546,0.0
Dim 982,0.0,0.0,0.03919325092970298,0.0
Dim 983,0.0,0.0,0.013540984708576217,0.0
Dim 984,0.0,0.0,0.01568386163544426,0.0
Dim 985,0.0,0.0,0.01706244341856525,0.0
Dim 986,0.0,0.0,0.01267632907672216,0.0
Dim 987,0.0,0.0,0.013131632657799748,0.0
Dim 988,0.0,0.0,0.012140553472996394,0.0
Dim 989,0.0,0.0,0.013756667759570965,0.0
Dim 990,0.0,0.0,0.014841010388672528,0.0
Dim 991,0.0,0.0,0.010435307852622528,0.0
Dim 992,0.0,0.0,0.010722266268017713,0.0
Dim 993,0.0,0.0,0.03252404925884128,0.0
Dim 994,0.0,0.0,0.013535937830841775,0.0
Dim 995,0.0,0.0,0.012271350009337757,0.0
Dim 996,0.0,0.0,0.025835905254375815,0.0
Dim 997,0.0,0.0,0.012863820343114866,0.0
Dim 998,0.0,0.0,0.012295464257289081,0.0
Dim 999,0.0,0.0,0.023128915023661042,0.0
Dim 1000,0.0,0.0,0.017341468798494006,0.0
Dim 1001,0.0,0.0,0.01683510058835128,0.0
Dim 1002,0.0,0.0,0.01762260125737998,0.0
Dim 1003,0.0,0.0,0.013409926294200807,0.0
Dim 1004,0.0,0.0,0.019847728540153108,0.0
Dim 1005,0.0,0.0,0.01668717185349553,0.0
Dim 1006,0.0,0.0,0.01009406895138481,0.0
Dim 1007,0.0,0.0,0.013399329863710285,0.0
Dim 1008,0.0,0.0,0.018810979464975452,0.0
Dim 1009,0.0,0.0,0.013443753215556742,0.0
Dim 1010,0.0,0.0,0.013020331379674628,0.0
Dim 1011,0.0,0.0,0.03011757838355168,0.0
Dim 1012,0.0,0.0,0.016697691013617157,0.0
Dim 1013,0.0,0.0,0.011365469418237965,0.0
Dim 1014,0.0,0.0,0.021025924257117617,0.0
Dim 1015,0.0,0.0,0.017315467035247223,0.0
Dim 1016,0.0,0.0,0.012968490299651317,0.0
Dim 1017,0.0,0.0,0.01592299309752526,0.0
Dim 1018,0.0,0.0,0.036663896304174916,0.0
Dim 1019,0.0,0.0,0.013748979292340638,0.0
Dim 1020,0.0,0.0,0.013780905231514637,0.0
Dim 1021,0.0,0.0,0.014363406206883977,0.0
Dim 1022,0.0,0.0,0.017614312343362557,0.0
Dim 1023,0.0,0.0,0.014896385641725515,0.0
