Feature,flaubert_base_cased,flaubert_base_uncased,flaubert_large_uncased,flaubert_small_cased,Mean Importance
Dim 752,0.02366703745,0.04136170857,0.007159807193,,0.02406285107
Dim 668,0.02779569892,0.02781732808,0.009649610679,,0.02175421256
Dim 664,0.0348257323,0.01835655862,0.004549499444,,0.01924393012
Dim 630,0.01805710048,0.03682671918,0.002736373749,,0.01920673114
Dim 256,0.008724508713,0.03091335959,0.01250092696,0.0214034112,0.01838555161
Dim 587,0.04509269559,0.007479551651,0.001826103077,,0.01813278344
Dim 996,,,0.01806637004,,0.01806637004
Dim 350,0.02104375232,0.005761890336,0.0145272525,0.03073785688,0.01801768801
Dim 994,,,0.01793103448,,0.01793103448
Dim 717,0.02387467557,0.0266192063,0.003021876159,,0.01783858601
Dim 214,0.004994438265,0.02887003938,0.004868372265,0.03253058954,0.01781585986
Dim 570,0.02210233593,0.02477128143,0.005583982202,,0.01748586652
Dim 644,0.01884315907,0.02835352923,0.00495736003,,0.01738468278
Dim 177,0.01794586578,0.02340654347,0.007710418984,0.01908972933,0.01703813939
Dim 27,0.01822580645,0.0347985459,0.01180756396,0.002797552836,0.01690736729
Dim 468,0.01298665184,0.02029082096,0.003631813126,0.02928253615,0.01654795552
Dim 585,0.01222284019,0.02880187822,0.007762328513,,0.01626234897
Dim 632,0.006449758991,0.03141017873,0.01076381164,,0.01620791646
Dim 7,0.02454022989,0.009403211148,0.004477196885,0.02622728958,0.01616198187
Dim 543,0.02503337041,0.01547258407,0.007749351131,,0.01608510187
Dim 563,0.02015387468,0.02360193881,0.004336299592,,0.01603070436
Dim 67,0.01387096774,0.02500454408,0.01809974045,0.006738969225,0.01592855537
Dim 649,0.02150166852,0.02381096637,0.002437893956,,0.01591684295
Dim 100,0.006462736374,0.02043017267,0.002779013719,0.03399147201,0.01591584869
Dim 175,0.03642195032,0.008891245077,0.001523915462,0.01659621802,0.01585833222
Dim 771,,,0.01567296997,,0.01567296997
Dim 382,0.03381535039,0.01970766434,0.004223210975,0.004404894327,0.01553778001
Dim 310,0.01888765295,0.0212344744,0.008754171301,0.01311642566,0.01549818108
Dim 36,0.0287541713,0.01405331718,0.002180200222,0.01686503522,0.01546318098
Dim 491,0.01810901001,0.02307331112,0.005880608083,0.01435854653,0.01535536894
Dim 198,0.01019095291,0.01830808846,0.002233963663,0.03009084168,0.01520596168
Dim 212,0.03759918428,0.01594062405,0.003476084538,0.003578049685,0.01514848564
Dim 731,0.008882091212,0.03396092093,0.002033741194,,0.01495891778
Dim 680,0.01873007045,0.0219842472,0.004124953652,,0.01494642377
Dim 725,0.01536707453,0.01665707361,0.0127289581,,0.01491770208
Dim 325,0.01362068966,0.02199787943,0.002037449017,0.02199110122,0.01491177983
Dim 96,0.01623470523,0.02418661012,0.003331479422,0.01513904338,0.01472295954
Dim 147,0.01437708565,0.02468948803,0.002810530219,0.01680385614,0.01467024001
Dim 21,0.02930292918,0.0183611027,0.001840934372,0.009128661476,0.01465840693
Dim 736,0.01809417872,0.01347318994,0.01234890619,,0.01463875828
Dim 161,0.01230070449,0.02303089973,0.002871709307,0.02004449388,0.01456195185
Dim 488,0.006294030404,0.01882156922,0.00621616611,0.02679644049,0.01453205156
Dim 376,0.007667779014,0.02233262648,0.004705228031,0.02333333333,0.01450974171
Dim 130,0.0114349277,0.0261541957,0.003121987393,0.01723025584,0.01448534166
Dim 600,0.01813496478,0.01923205089,0.006040044494,,0.01446902005
Dim 300,0.03228031146,0.008576189034,0.003759733037,0.01322580645,0.01446050999
Dim 744,0.02800704486,0.007181157225,0.007997775306,,0.0143953258
Dim 368,0.02596032629,0.01948197516,0.008967371153,0.003058954394,0.01436715675
Dim 261,0.01591027067,0.01509996971,0.00613088617,0.0202373007,0.01434460681
Dim 862,,,0.01434371524,,0.01434371524
Dim 907,,,0.0143381535,,0.0143381535
Dim 434,0.01126992955,0.01011057255,0.01042269188,0.02552465703,0.01433196275
Dim 428,0.02857619577,0.0108088458,0.008704115684,0.009106414535,0.01429889295
Dim 335,0.004899888765,0.01557103908,0.009378939562,0.02720059325,0.01426261516
Dim 250,0.010504264,0.01194637988,0.003222098628,0.0312773452,0.01423752193
Dim 133,0.01872821654,0.01871705544,0.001890989989,0.01759733037,0.01423339808
Dim 223,0.02734890619,0.0232990003,0.003400074156,0.002799406748,0.01421184685
Dim 531,0.03058954394,0.00823689791,0.003707823508,,0.01417808845
Dim 565,0.0222395254,0.01791729779,0.002326659251,,0.01416116081
Dim 269,0.01665368928,0.01044380491,0.002690025955,0.02677975528,0.01414181886
Dim 57,0.02247497219,0.02063768555,0.00517982944,0.007788283278,0.01402019261
Dim 390,0.006879866518,0.007876401091,0.008159065628,0.03298479792,0.01397503279
Dim 767,0.01103262885,0.02289306271,0.007995921394,,0.01397387098
Dim 253,0.02531887282,0.01356861557,0.003379681127,0.01356692621,0.01395852393
Dim 674,0.02480533927,0.0141911542,0.002812384131,,0.01393629253
Dim 210,0.01911383018,0.0162541654,0.004293659622,0.01608268446,0.01393608492
Dim 800,,,0.01391916945,,0.01391916945
Dim 209,0.02023173897,0.00870645259,0.008600296626,0.01801816834,0.01388916413
Dim 638,0.01393214683,0.02551953953,0.002163515017,,0.01387173379
Dim 374,0.004723767149,0.03504544078,0.007999629218,0.007658509455,0.01385683665
Dim 637,0.02652391546,0.006764616783,0.008120133482,,0.01380288858
Dim 195,0.008861698183,0.01367161466,0.003042269188,0.02962365591,0.01379980949
Dim 605,0.01419911012,0.02396243563,0.00308676307,,0.01374943627
Dim 220,0.01666666667,0.0114980309,0.001548016314,0.02524842418,0.01374028451
Dim 470,0.01633481646,0.01164950015,0.004343715239,0.02248980349,0.01370445883
Dim 167,0.01858361142,0.016113299,0.006535038932,0.01320541342,0.01360934069
Dim 356,0.01677048572,0.01908209633,0.003561364479,0.01484612532,0.01356501797
Dim 165,0.01998702262,0.007185701303,0.007565813867,0.01951983686,0.01356459366
Dim 702,0.02609566185,0.01021660103,0.004284390063,,0.01353221765
Dim 159,0.01316462736,0.03215540745,0.002161661105,0.006624026696,0.01352643065
Dim 599,0.01714868372,0.02120720994,0.002024471635,,0.01346012176
Dim 82,0.01116981832,0.0296152681,0.006344086022,0.006668520578,0.01344942325
Dim 596,0.00939747868,0.02928203575,0.001624026696,,0.01343451371
Dim 614,0.006242120875,0.03239775826,0.001620318873,,0.013420066
Dim 625,0.02889506859,0.009498636777,0.001803856136,,0.01339918717
Dim 296,0.0183759733,0.01285065132,0.003253615128,0.01905265109,0.01338322271
Dim 345,0.01867630701,0.0156876704,0.003650352243,0.01549128661,0.01337640407
Dim 265,0.01805153875,0.00656467737,0.002237671487,0.02641824249,0.01331803252
Dim 153,0.02036892844,0.01222053923,0.006166110493,0.01404708936,0.01320066688
Dim 538,0.02112717835,0.01448651924,0.003984056359,,0.01319925131
Dim 748,0.01898405636,0.01827325053,0.002000370782,,0.01308589256
Dim 292,0.005150166852,0.02559678885,0.006998516871,0.0145736003,0.01307976822
Dim 626,0.006566555432,0.03069978794,0.00194475343,,0.0130703656
Dim 735,0.00557100482,0.03196758558,0.001662958843,,0.01306718308
Dim 658,0.01822395254,0.01652226598,0.004390063033,,0.01304542718
Dim 91,0.02728958102,0.005819448652,0.004532814238,0.01447534297,0.01302929672
Dim 577,0.01505190953,0.02196607089,0.002055988135,,0.01302465618
Dim 171,0.01389692251,0.02334444108,0.004358546533,0.01049684835,0.01302418962
Dim 135,0.02679273267,0.02058164193,0.0020189099,0.002658509455,0.01301294849
Dim 162,0.007256210604,0.01086034535,0.00181868743,0.03206154987,0.01299919831
Dim 593,0.008616981832,0.01922144805,0.01108268446,,0.01297370478
Dim 394,0.02476826103,0.01823992729,0.003785687801,0.004949944383,0.01293595513
Dim 283,0.03719503152,0.007734019994,0.002291434928,0.004493882091,0.01292859213
Dim 774,,,0.01292732666,,0.01292732666
Dim 315,0.01628661476,0.01820811875,0.001629588432,0.01551909529,0.01291085431
Dim 157,0.02692065258,0.01044229022,0.003109010011,0.01113644791,0.01290210018
Dim 68,0.01477196885,0.02411844895,0.005209492028,0.007458286986,0.01288954921
Dim 228,0.01702261772,0.006966070888,0.009282536151,0.01827956989,0.01288769866
Dim 155,0.02203188728,0.0134610724,0.007296996663,0.008728216537,0.01287954322
Dim 156,0.005469039674,0.02716298091,0.0040693363,0.01457174638,0.01281827582
Dim 425,0.02182239525,0.0131369282,0.005053763441,0.01109936967,0.01277811414
Dim 58,0.01555431961,0.02131172372,0.005899147201,0.008288839451,0.0127635075
Dim 166,0.02070448647,0.02146167828,0.006757508343,0.001981831665,0.01272637619
Dim 71,0.03302002225,0.008604968191,0.005372636263,0.003856136448,0.01271344079
Dim 819,,,0.01270485725,,0.01270485725
Dim 746,0.02281979978,0.009191154196,0.006090100111,,0.01270035136
Dim 860,,,0.01265665554,,0.01265665554
Dim 192,0.01987949574,0.008370190851,0.004653318502,0.01764553207,0.01263713429
Dim 1022,,,0.0126177234,,0.0126177234
Dim 262,0.01489432703,0.005751287489,0.01489618094,0.01484427141,0.01259651672
Dim 461,0.02228958102,0.01102847622,0.008175750834,0.008832035595,0.01258146092
Dim 139,0.0079810901,0.02797788549,0.009951798294,0.004369670004,0.01257011097
Dim 698,0.01841861327,0.01465313541,0.004616240267,,0.01256266298
Dim 334,0.02071190211,0.00915783096,0.004792361884,0.01548387097,0.01253649148
Dim 188,0.0193214683,0.01038321721,0.003939562477,0.01648683723,0.0125327713
Dim 707,0.02161290323,0.006664647077,0.009276974416,,0.01251817491
Dim 187,0.01837041157,0.01271887307,0.00538005191,0.01355024101,0.01250489439
Dim 60,0.007604746014,0.02244168434,0.005867630701,0.01407304412,0.01249677629
Dim 421,0.006132740082,0.01612541654,0.002159807193,0.02555988135,0.01249446129
Dim 113,0.006661104931,0.02936079976,0.002449017427,0.01139414164,0.01246626594
Dim 535,0.01796440489,0.01674795517,0.002654801631,,0.01245572056
Dim 484,0.02282536151,0.01453953347,0.002141268076,0.01014645903,0.01241315552
Dim 19,0.01266221728,0.0152014541,0.006805710048,0.01479977753,0.01236728974
Dim 501,0.01845012977,0.00829142684,0.004475342974,0.01825176122,0.0123671652
Dim 754,0.01491286615,0.0155255983,0.006603633667,,0.01234736604
Dim 64,0.01039673712,0.01276885792,0.008084909158,0.01807934742,0.0123324629
Dim 755,0.01768817204,0.0153029385,0.004004449388,,0.01233185331
Dim 199,0.01590470894,0.0135019691,0.006004820171,0.01383388951,0.01231134693
Dim 1016,,,0.01229885057,,0.01229885057
Dim 682,0.02299221357,0.01056043623,0.003309232481,,0.01228729409
Dim 274,0.03564145347,0.006634353226,0.003924731183,0.002912495365,0.01227825831
Dim 671,0.0137856878,0.01155558922,0.01147756767,,0.01227294823
Dim 66,0.007521319985,0.02672977885,0.01001668521,0.004755283648,0.01225576692
Dim 47,0.02492769744,0.009186610118,0.007376714868,0.007497219132,0.01224706039
Dim 75,0.01991472006,0.008580733111,0.01028179459,0.01012235818,0.01222490148
Dim 221,0.01852243233,0.01456528325,0.00929180571,0.006442343344,0.01220546616
Dim 722,0.0104727475,0.01803392911,0.007955135336,,0.01215393732
Dim 475,0.0224768261,0.01003029385,0.007382276604,0.008711531331,0.01215023197
Dim 245,0.01706896552,0.006426840351,0.00191323693,0.02312569522,0.0121336845
Dim 423,0.0138802373,0.01371402605,0.001392287727,0.01933259177,0.01207978571
Dim 553,0.01642751205,0.01209784914,0.007688172043,,0.01207117774
Dim 28,0.01374860957,0.01536201151,0.002487949574,0.01659065628,0.01204730673
Dim 363,0.01514831294,0.01513329294,0.005331850204,0.01256025213,0.01204342705
Dim 126,0.0140063033,0.02392305362,0.002756766778,0.007369299221,0.01201385573
Dim 360,0.02780496848,0.007378067252,0.004462365591,0.008385242862,0.01200766105
Dim 149,0.01379495736,0.01168585277,0.004086021505,0.0183908046,0.01198940906
Dim 141,0.01230441231,0.007578006665,0.002239525399,0.02582313682,0.0119862703
Dim 62,0.009065628476,0.01304301727,0.00673340749,0.01908231368,0.01198109173
Dim 621,0.01712829069,0.008580733111,0.01019095291,,0.01196665891
Dim 460,0.02064330738,0.009504695547,0.001874304783,0.01580830552,0.01195765331
Dim 393,0.01735261402,0.02195092396,0.002106043752,0.006401557286,0.01195278475
Dim 160,0.006403411198,0.01173583762,0.006651835373,0.02289581016,0.01192172359
Dim 597,0.0195420838,0.01326567707,0.002955135336,,0.0119209654
Dim 432,0.010126066,0.01216903968,0.003366703745,0.02185761958,0.01187985725
Dim 307,0.01045420838,0.02864737958,0.005252131999,0.003025583982,0.01184482599
Dim 344,0.01008342603,0.01804301727,0.001657397108,0.01757879125,0.01184065791
Dim 309,0.01511123471,0.01906392002,0.002285873192,0.01086392288,0.0118312377
Dim 444,0.0178383389,0.01599363829,0.004677419355,0.008789395625,0.01182469804
Dim 48,0.02322395254,0.01240230233,0.007437893956,0.00418613274,0.01181257039
Dim 320,0.0105524657,0.01395486216,0.003207267334,0.01937337783,0.01177199326
Dim 191,0.00796996663,0.03146925174,0.004645902855,0.002999629218,0.01177118761
Dim 400,0.005522803115,0.01920478643,0.00312940304,0.01916573971,0.01175568307
Dim 972,,,0.01174638487,,0.01174638487
Dim 477,0.0269558769,0.007258406543,0.002317389692,0.01040415276,0.01173395647
Dim 490,0.01188172043,0.01161769161,0.008448275862,0.01492955135,0.01171930981
Dim 176,0.0173507601,0.0190290821,0.004304783092,0.006156840934,0.01171036656
Dim 378,0.006972562106,0.0178339897,0.007643678161,0.01431405265,0.01169107065
Dim 257,0.005984427141,0.01860193881,0.009199110122,0.01297552836,0.01169025111
Dim 573,0.004790507972,0.0227128143,0.00744160178,,0.01164830802
Dim 369,0.01717463849,0.01343532263,0.00213570634,0.0135799036,0.01158139276
Dim 724,0.0233592881,0.006282944562,0.005090841676,,0.01157769145
Dim 288,0.02971264368,0.0109921236,0.002115313311,0.003474230627,0.0115735778
Dim 136,0.006846496107,0.01438957892,0.009951798294,0.01507415647,0.01156550745
Dim 202,0.009132369299,0.01322175098,0.005443084909,0.01835558027,0.01153819637
Dim 243,0.01646829811,0.01939563769,0.002052280311,0.008225806452,0.01153550564
Dim 677,0.01085279941,0.01883520145,0.004905450501,,0.01153115045
Dim 552,0.01921394142,0.007874886398,0.007456433074,,0.01151508696
Dim 1005,,,0.01149981461,,0.01149981461
Dim 592,0.01174823878,0.01936534384,0.003379681127,,0.01149775458
Dim 396,0.009629217649,0.02401999394,0.004781238413,0.007525027809,0.01148886945
Dim 132,0.01520949203,0.0062753711,0.006053021876,0.01837968113,0.01147939153
Dim 438,0.01824619948,0.02251893366,0.002602892102,0.002545420838,0.01147836152
Dim 338,0.0115776789,0.02633141472,0.005626622173,0.002371153133,0.01147671723
Dim 94,0.02168335187,0.006678279309,0.004881349648,0.0125862069,0.01145729693
Dim 751,0.01436967,0.01608754923,0.003895068595,,0.01145076261
Dim 493,0.02141453467,0.006570736141,0.00635335558,0.0114516129,0.01144755982
Dim 116,0.01435113089,0.01316116328,0.002284019281,0.01594549499,0.01143545211
Dim 708,0.02092324805,0.005704332021,0.00766407119,,0.01143055042
Dim 749,0.0140693363,0.01051953953,0.009694104561,,0.01142766013
Dim 763,0.01207823508,0.01498182369,0.007204301075,,0.01142145328
Dim 204,0.01420467186,0.01344744017,0.009475342974,0.008526140156,0.01141339879
Dim 500,0.005038932147,0.01996213269,0.009221357063,0.01140711902,0.01140738523
Dim 332,0.01265665554,0.009650106028,0.002552836485,0.02060437523,0.01136599332
Dim 739,0.007432332221,0.02412753711,0.002406377456,,0.01132208226
Dim 170,0.01974416018,0.005934565283,0.001968854283,0.01762884687,0.01131910665
Dim 929,,,0.01125509826,,0.01125509826
Dim 377,0.006946607341,0.00848379279,0.00436596218,0.0251742677,0.0112426575
Dim 485,0.01357619577,0.022793093,0.001833518725,0.00676492399,0.01124193287
Dim 499,0.01176307008,0.01926688882,0.002130144605,0.01180571005,0.01124145339
Dim 403,0.00401742677,0.0230369585,0.004306637004,0.01352984798,0.01122271756
Dim 125,0.006840934372,0.02872917298,0.0029180571,0.006366332963,0.01121362435
Dim 355,0.01805339266,0.00847773402,0.00741008528,0.01085650723,0.0111994298
Dim 144,0.01667408231,0.01976067858,0.003040415276,0.005320726733,0.01119897573
Dim 186,0.006696329255,0.009538018782,0.005270671116,0.02324619948,0.01118780466
Dim 448,0.00847793845,0.0123674644,0.006852057842,0.01697070819,0.01116704222
Dim 342,0.02156284761,0.01331717661,0.007502780868,0.002157953281,0.01113518959
Dim 999,,,0.01113274008,,0.01113274008
Dim 121,0.008218390805,0.01012269009,0.007120875046,0.01901928068,0.01112030916
Dim 6,0.00517982944,0.02584671312,0.007586206897,0.005635891732,0.0110621603
Dim 793,,,0.01106043752,,0.01106043752
Dim 235,0.007677048572,0.02074371403,0.006062291435,0.009662588061,0.01103641052
Dim 358,0.01828698554,0.01226295062,0.002595476455,0.01090841676,0.01101345734
Dim 422,0.005341119763,0.0209512269,0.007178346311,0.01050055617,0.01099281229
Dim 97,0.02773637375,0.007399272948,0.004136077123,0.004634779385,0.0109766258
Dim 547,0.007302558398,0.02250681612,0.003116425658,,0.01097526672
Dim 285,0.01850389321,0.009485004544,0.006418242492,0.009462365591,0.01096737646
Dim 602,0.01783463107,0.01328082399,0.001755654431,,0.0109570365
Dim 40,0.00805524657,0.007237200848,0.007319243604,0.02099184279,0.01090088345
Dim 466,0.02878754171,0.007064525901,0.0019558769,0.005747126437,0.01088876774
Dim 620,0.01395810159,0.01459709179,0.004087875417,,0.01088102293
Dim 142,0.00822395254,0.007514389579,0.006709306637,0.02106414535,0.01087794853
Dim 696,0.009603262885,0.01624053317,0.006763070078,,0.01086895538
Dim 589,0.01641082684,0.01185852772,0.004315906563,,0.01086175371
Dim 701,0.01457730812,0.01486064829,0.003073785688,,0.01083724737
Dim 667,0.01567482388,0.01523932142,0.001507230256,,0.01080712518
Dim 12,0.007708565072,0.01369736444,0.0113255469,0.01048387097,0.01080383684
Dim 479,0.02502410085,0.007441684338,0.002467556544,0.008249907304,0.01079581226
Dim 56,0.007326659251,0.007947591639,0.01128290693,0.01656470152,0.01078046484
Dim 542,0.01287356322,0.01492426537,0.004519836856,,0.01077255515
Dim 85,0.01535038932,0.007968797334,0.003413051539,0.0163088617,0.01076027497
Dim 586,0.01305524657,0.009550136322,0.009597701149,,0.01073436135
Dim 148,0.007512050426,0.02199939412,0.004764553207,0.008622543567,0.01072463533
Dim 111,0.008303670745,0.0103044532,0.007651093808,0.01662217278,0.01072034763
Dim 710,0.009781238413,0.02044229022,0.0019243604,,0.01071596301
Dim 418,0.007912495365,0.01524083611,0.003681868743,0.01597330367,0.01070212597
Dim 756,0.01909529106,0.007461375341,0.005504263997,,0.0106869768
Dim 666,0.01259733037,0.01176916086,0.00768446422,,0.01068365182
Dim 761,0.01008342603,0.01396395032,0.007986651835,,0.01067800939
Dim 974,,,0.01066740823,,0.01066740823
Dim 560,0.007287727104,0.008582247804,0.0161197627,,0.01066324587
Dim 506,0.02054134223,0.01031202666,0.00745272525,0.004269558769,0.01064391323
Dim 519,0.007745643307,0.01787034232,0.006034482759,,0.01055015613
Dim 633,0.008147942158,0.01348985156,0.009977753059,,0.01053851559
Dim 508,0.01650352243,0.01339139655,0.003051538747,0.009187986652,0.01053361109
Dim 727,0.01899332592,0.006204180551,0.006392287727,,0.0105299314
Dim 551,0.01967371153,0.009731899424,0.002180200222,,0.01052860373
Dim 279,0.007220986281,0.006142078158,0.007595476455,0.02114757138,0.01052652807
Dim 127,0.008542825362,0.02440624053,0.006334816463,0.002486095662,0.0104424945
Dim 11,0.01681127178,0.00995758861,0.001868743048,0.01311086392,0.01043711684
Dim 495,0.006922506489,0.02698879128,0.002332220986,0.005457916203,0.01042535874
Dim 504,0.003982202447,0.02555437746,0.002237671487,0.009923989618,0.01042456025
Dim 241,0.02568965517,0.007185701303,0.005046347794,0.003772710419,0.01042360367
Dim 618,0.01014460512,0.01824750076,0.00287541713,,0.01042250767
Dim 88,0.01119391917,0.007269009391,0.006401557286,0.0167816092,0.01041152376
Dim 103,0.006336670374,0.009836413208,0.003578049685,0.0218131257,0.01039106474
Dim 89,0.005192806822,0.008480763405,0.009263997034,0.01860956618,0.01038678336
Dim 743,0.01467185762,0.008968494396,0.007480533927,,0.01037362865
Dim 576,0.01403967371,0.01305967889,0.004002595476,,0.01036731602
Dim 24,0.01065072303,0.01870948198,0.004399332592,0.007675194661,0.01035868306
Dim 79,0.01456062291,0.01016358679,0.003676307008,0.01297552836,0.01034401127
Dim 351,0.01484427141,0.01336261739,0.007456433074,0.005700778643,0.01034102513
Dim 629,0.006290322581,0.01780218116,0.006892843901,,0.01032844921
Dim 617,0.00631071561,0.0204453196,0.004225064887,,0.01032703337
Dim 59,0.01002410085,0.0156073917,0.007402669633,0.008238783834,0.0103182365
Dim 655,0.01108268446,0.01145561951,0.008324063775,,0.01028745592
Dim 50,0.02125695217,0.01230233263,0.002478680015,0.005068594735,0.01027663989
Dim 1023,,,0.01027252503,,0.01027252503
Dim 505,0.01308676307,0.01156619206,0.004393770857,0.01204301075,0.01027243419
Dim 660,0.007714126808,0.01339745532,0.009673711531,,0.01026176455
Dim 426,0.02617352614,0.006214783399,0.001803856136,0.006853911754,0.01026151936
Dim 734,0.005567296997,0.02105422599,0.004156470152,,0.01025933105
Dim 594,0.007671486837,0.01893820055,0.00408045977,,0.01023004905
Dim 272,0.0113718947,0.01337776431,0.001768631813,0.01427326659,0.01019788935
Dim 168,0.01821468298,0.007232656771,0.01109380793,0.004208379681,0.01018738184
Dim 714,0.008585465332,0.01419872766,0.007721542455,,0.01016857848
Dim 407,0.01860771227,0.01516813087,0.002007786429,0.00488320356,0.01016670828
Dim 45,0.005493140527,0.02803241442,0.002893956248,0.004243604004,0.0101657788
Dim 15,0.01534111976,0.005857315965,0.01231553578,0.00713570634,0.01016241946
Dim 249,0.01122728958,0.01112390185,0.004770114943,0.01351872451,0.01016000772
Dim 322,0.01407860586,0.01529839443,0.001892843901,0.009341861327,0.01015292638
Dim 526,0.01923433445,0.008915480158,0.00227289581,,0.01014090347
Dim 17,0.006423804227,0.02744471372,0.002804968484,0.003883945124,0.01013935789
Dim 293,0.008989618094,0.01478036958,0.004378939562,0.01239896181,0.01013697226
Dim 114,0.01146829811,0.01161163284,0.0019243604,0.01550241009,0.01012667536
Dim 372,0.009771968854,0.02280066646,0.004586577679,0.003344456804,0.01012591745
Dim 229,0.01352243233,0.00974098758,0.002560252132,0.01459399333,0.01010441634
Dim 38,0.01938079347,0.01027264465,0.00573971079,0.005012977382,0.01010153157
Dim 411,0.0217352614,0.009624356256,0.003029291806,0.005999258435,0.01009704197
Dim 179,0.02604004449,0.008600424114,0.003353726363,0.002345198369,0.01008484833
Dim 80,0.005554319614,0.007835504393,0.01296811272,0.01379124954,0.01003729657
Dim 507,0.01043937709,0.009218418661,0.005205784205,0.01527437894,0.01003448972
Dim 197,0.005558027438,0.00979551651,0.008667037449,0.01601965146,0.01001005822
Dim 255,0.0060252132,0.02603907907,0.001935483871,0.006034482759,0.01000856472
Dim 579,0.01590470894,0.01058467131,0.003448275862,,0.009979218703
Dim 254,0.0187374861,0.01425780067,0.002617723396,0.004258435298,0.009967861364
Dim 4,0.00623655914,0.008704937898,0.005991842788,0.01893214683,0.009966371664
Dim 303,0.01183166481,0.0228536807,0.00213570634,0.003036707453,0.009964439827
Dim 415,0.009347423063,0.007832475008,0.009731182796,0.01290878754,0.009954967102
Dim 672,0.01122543567,0.01189488034,0.006737115313,,0.009952477107
Dim 603,0.01228587319,0.01448500454,0.003071931776,,0.009947603171
Dim 745,0.02133481646,0.006613147531,0.00177604746,,0.009908003818
Dim 287,0.0158361142,0.01120115117,0.001705598813,0.0108361142,0.009894744595
Dim 847,,,0.009885057471,,0.009885057471
Dim 316,0.005977011494,0.006976673735,0.001939191694,0.02459955506,0.009873107996
Dim 679,0.01207081943,0.01378824599,0.00375231739,,0.009870460935
Dim 323,0.01670003708,0.01652529537,0.003431590656,0.002816091954,0.009868253763
Dim 308,0.01106599926,0.01549227507,0.007237671487,0.005671116055,0.009866765467
Dim 146,0.008279569892,0.01377612845,0.01082869855,0.006548016314,0.009858103302
Dim 215,0.01812198739,0.0114374432,0.005912124583,0.00382647386,0.009824507259
Dim 497,0.006308861698,0.007993032414,0.01027623285,0.01467000371,0.009812032668
Dim 449,0.01933444568,0.005880036353,0.004263997034,0.009655172414,0.00978341287
Dim 443,0.008138672599,0.006217812784,0.005787912495,0.01896551724,0.00977747878
Dim 688,0.01386169818,0.01023326265,0.005226177234,,0.009773712688
Dim 613,0.01636262514,0.007506816116,0.005448646644,,0.009772695967
Dim 524,0.004579162032,0.02191911542,0.002816091954,,0.009771456468
Dim 464,0.01359288098,0.007220539231,0.002048572488,0.01622358176,0.009771393614
Dim 711,0.007728958102,0.01387761284,0.007682610308,,0.009763060418
Dim 152,0.0107415647,0.0208300515,0.003607712273,0.003852428624,0.009757939275
Dim 297,0.02215609937,0.006229930324,0.002704857249,0.007910641453,0.009750382099
Dim 244,0.0115294772,0.006416237504,0.007436040044,0.01361698183,0.009749684144
Dim 239,0.009358546533,0.00976522266,0.005224323322,0.01461994809,0.009742010151
Dim 402,0.01598813496,0.01589972736,0.002423062662,0.004647756767,0.009739670437
Dim 115,0.005024100853,0.01045137837,0.006251390434,0.01721913237,0.009736500507
Dim 733,0.02058954394,0.0067812784,0.001802002225,,0.009724274854
Dim 934,,,0.009716351502,,0.009716351502
Dim 112,0.0188487208,0.0129157831,0.003876529477,0.003218390805,0.009714856045
Dim 604,0.01967371153,0.007582550742,0.001796440489,,0.009684234254
Dim 69,0.009822024472,0.01877309906,0.001772339637,0.008350018539,0.009679370427
Dim 503,0.005103819058,0.01628597395,0.003819058213,0.01349462366,0.009675868719
Dim 681,0.005404152762,0.01515146925,0.00846681498,,0.009674145665
Dim 76,0.01166852058,0.02175552863,0.002497219132,0.002732665925,0.009663483566
Dim 341,0.01333147942,0.007658285368,0.005341119763,0.01231368187,0.009661141605
Dim 670,0.0123971079,0.01457891548,0.0019558769,,0.009643966759
Dim 74,0.006753800519,0.008597394729,0.002085650723,0.0211197627,0.009639152168
Dim 723,0.004130515387,0.01692971827,0.007827215425,,0.009629149693
Dim 829,,,0.009618094179,,0.009618094179
Dim 413,0.008066370041,0.01848530748,0.007456433074,0.004464219503,0.009618082525
Dim 42,0.004614386355,0.009310814905,0.007786429366,0.01672969967,0.009610332573
Dim 867,,,0.00960882462,,0.00960882462
Dim 610,0.01299962922,0.01275976977,0.003021876159,,0.009593758381
Dim 70,0.008628105302,0.01363980612,0.003774564331,0.01230812013,0.009587648971
Dim 747,0.01605858361,0.006875189337,0.005802743789,,0.009578838912
Dim 917,,,0.009560622914,,0.009560622914
Dim 528,0.01591768632,0.007684035141,0.005061179088,,0.009554300182
Dim 359,0.01504263997,0.008830657377,0.00521134594,0.009073044123,0.009539421852
Dim 435,0.01804226919,0.006320811875,0.00227289581,0.01150352243,0.009534874826
Dim 270,0.01509825732,0.01235534686,0.007380422692,0.003185020393,0.009504761818
Dim 333,0.007102335929,0.01154044229,0.008201705599,0.01116981832,0.009503575534
Dim 985,,,0.009501297738,,0.009501297738
Dim 128,0.009058212829,0.01460617995,0.008748609566,0.005587690026,0.009500173092
Dim 741,0.01019651465,0.01117237201,0.007119021135,,0.009495969263
Dim 719,0.006575824991,0.01657528022,0.005272525028,,0.009474543412
Dim 765,0.01639043382,0.006970614965,0.005059325176,,0.009473457986
Dim 330,0.01985168706,0.006803998788,0.006347793845,0.004857248795,0.009465182122
Dim 106,0.01424175009,0.009501666162,0.006004820171,0.008110863923,0.009464775087
Dim 419,0.01059325176,0.01816267798,0.00165925102,0.007373007045,0.009447046951
Dim 882,,,0.009445680386,,0.009445680386
Dim 608,0.01890433815,0.005839139655,0.003578049685,,0.009440509164
Dim 566,0.01122172785,0.01109209331,0.006004820171,,0.009439547107
Dim 609,0.005329996292,0.0181384429,0.004844271413,,0.0094375702
Dim 705,0.004872080089,0.01954710694,0.003867259918,,0.009428815648
Dim 511,0.005752688172,0.02047106937,0.004100852799,0.007389692251,0.009428575649
Dim 251,0.007869855395,0.009618297486,0.001763070078,0.01844456804,0.009423947749
Dim 742,0.014936967,0.01134201757,0.001942899518,,0.009407294696
Dim 87,0.01277345198,0.01501666162,0.003946978124,0.005730441231,0.009366883239
Dim 654,0.01267519466,0.008103604968,0.007296996663,,0.009358598764
Dim 8,0.00647942158,0.0117206907,0.004412309974,0.01480719318,0.009354903858
Dim 118,0.01652206155,0.01254013935,0.005235446793,0.003049684835,0.009336833132
Dim 238,0.01645902855,0.01393365647,0.003804226919,0.00314979607,0.009336677002
Dim 574,0.01408787542,0.01142532566,0.002463848721,,0.009325683266
Dim 1007,,,0.009312198739,,0.009312198739
Dim 2,0.0162625139,0.01094516813,0.005487578791,0.004538375973,0.0093084092
Dim 651,0.006577678902,0.0150408967,0.006290322581,,0.00930296606
Dim 857,,,0.009289951798,,0.009289951798
Dim 337,0.01245087134,0.01240381703,0.002224694105,0.01000556174,0.009271236051
Dim 347,0.01082128291,0.01786125417,0.004543937709,0.003830181683,0.009264164116
Dim 240,0.01963848721,0.007158436837,0.003392658509,0.006827956989,0.009254384886
Dim 343,0.007999629218,0.0141911542,0.005806451613,0.008991472006,0.009247176758
Dim 154,0.01633110864,0.006779763708,0.009013718947,0.004855394883,0.009244996544
Dim 119,0.008246199481,0.01324144199,0.006151279199,0.009276974416,0.009228973771
Dim 619,0.01602892102,0.009289609209,0.00230441231,,0.009207647514
Dim 712,0.01672228402,0.007585580127,0.00326659251,,0.009191485552
Dim 258,0.02048572488,0.006557103908,0.005404152762,0.004312198739,0.009189795072
Dim 339,0.01296440489,0.01039836413,0.007804968484,0.005585836114,0.009188393406
Dim 465,0.0157730812,0.008174795517,0.004994438265,0.007804968484,0.009186820867
Dim 336,0.009136077123,0.006134504696,0.003600296626,0.01787356322,0.009186110416
Dim 83,0.02134408602,0.008685246895,0.001507230256,0.005142751205,0.009169828594
Dim 879,,,0.009162031887,,0.009162031887
Dim 406,0.01270485725,0.006563162678,0.009458657768,0.007886540601,0.009153304574
Dim 163,0.009914720059,0.006891850954,0.006805710048,0.01296255098,0.009143708011
Dim 397,0.01168520578,0.0113162678,0.001631442343,0.01191879867,0.009137928648
Dim 474,0.01246199481,0.01338382308,0.004197256211,0.006449758991,0.009123208274
Dim 912,,,0.009117538005,,0.009117538005
Dim 911,,,0.009110122358,,0.009110122358
Dim 52,0.008251761216,0.01482732505,0.002443455692,0.01091768632,0.00911005707
Dim 98,0.01007415647,0.0102635565,0.007078235076,0.008980348535,0.009099074145
Dim 349,0.007569521691,0.02264313844,0.001557285873,0.004621802002,0.009097937002
Dim 721,0.01337782722,0.00868221751,0.005189098999,,0.009083047908
Dim 773,,,0.009082313682,,0.009082313682
Dim 151,0.006859473489,0.007832475008,0.006833518725,0.01474416018,0.00906740685
Dim 182,0.01514275121,0.00936837322,0.002202447164,0.009410456062,0.009031006913
Dim 981,,,0.009019280682,,0.009019280682
Dim 458,0.01961438636,0.006473795819,0.004208379681,0.00575083426,0.009011849029
Dim 683,0.01766221728,0.007637079673,0.001657397108,,0.008985564686
Dim 268,0.008216536893,0.01021963042,0.00465146459,0.01284390063,0.008982883132
Dim 260,0.006229143493,0.009248712511,0.01139414164,0.009041527623,0.008978381317
Dim 700,0.009000741565,0.01409269918,0.003800519095,,0.008964653281
Dim 324,0.007862439748,0.01253862466,0.008385242862,0.007063403782,0.008962427763
Dim 729,0.007330367075,0.014453196,0.005072302558,,0.008951955211
Dim 409,0.00914349277,0.009045743714,0.004030404153,0.01357063404,0.008947568669
Dim 571,0.01463107156,0.009315358982,0.002873563218,,0.008939997921
Dim 92,0.01196143864,0.01015752802,0.01068780126,0.002880978865,0.008921936696
Dim 760,0.005231738969,0.007502272039,0.01398405636,,0.008906022456
Dim 509,0.01287356322,0.01226143593,0.005361512792,0.005114942529,0.008902863617
Dim 652,0.009916573971,0.01394122993,0.002847608454,,0.008901804118
Dim 164,0.0149684835,0.01227506816,0.003952539859,0.004367816092,0.008890976903
Dim 277,0.01890619207,0.007056952439,0.004584723767,0.004998146088,0.00888650359
Dim 375,0.005891731554,0.0249591033,0.001690767519,0.002986651835,0.008882063553
Dim 653,0.01155728587,0.007194789458,0.00787541713,,0.00887583082
Dim 453,0.01015943641,0.01082247804,0.004341861327,0.0101742677,0.00887451087
Dim 581,0.01464404894,0.008545895183,0.003424175009,,0.008871373045
Dim 63,0.01189840564,0.008368676159,0.00344642195,0.01175380052,0.008866826066
Dim 353,0.009575454208,0.01845046955,0.003099740452,0.004299221357,0.008856221393
Dim 61,0.006920652577,0.009698576189,0.006820541342,0.01197997775,0.008854936965
Dim 329,0.007360029663,0.01794607695,0.004703374119,0.005409714498,0.008854798806
Dim 891,,,0.008850574713,,0.008850574713
Dim 757,0.007013348165,0.01599363829,0.003529847979,,0.008845611478
Dim 236,0.01456062291,0.00982581036,0.00177604746,0.009208379681,0.008842715104
Dim 328,0.01752502781,0.00847773402,0.00188172043,0.007478680015,0.008840790568
Dim 73,0.008144234334,0.0223477734,0.0020504264,0.002701149425,0.00881089589
Dim 387,0.01067482388,0.008442896092,0.002293288839,0.01379124954,0.008800564587
Dim 580,0.009252873563,0.01264919721,0.004482758621,,0.008794943132
Dim 822,,,0.008791249537,,0.008791249537
Dim 282,0.008522432332,0.01301726749,0.00326659251,0.01035224323,0.008789633893
Dim 120,0.006466444197,0.01579824296,0.0105988135,0.00226177234,0.008781318248
Dim 546,0.0131553578,0.006803998788,0.006381164257,,0.008780173617
Dim 5,0.005194660734,0.01474401696,0.002953281424,0.01215053763,0.008760624189
Dim 562,0.005493140527,0.0189684944,0.001796440489,,0.008752691804
Dim 868,,,0.008744901743,,0.008744901743
Dim 706,0.009812754913,0.01438806422,0.002031887282,,0.008744235473
Dim 623,0.01275120504,0.01036655559,0.00308676307,,0.008734841234
Dim 117,0.005305895439,0.006911541957,0.007143121987,0.01555802744,0.008729646705
Dim 399,0.01229514275,0.007397758255,0.003197997775,0.01201334816,0.008726061737
Dim 759,0.005446792733,0.01060436231,0.01010752688,,0.008719560643
Dim 703,0.01726177234,0.006544986368,0.002337782722,,0.008714847143
Dim 107,0.01940674824,0.006096637383,0.003824619948,0.005487578791,0.00870389609
Dim 54,0.005346681498,0.008867009997,0.001918798665,0.01857804968,0.008677634961
Dim 383,0.01622358176,0.006616176916,0.004783092325,0.007080088988,0.008675734997
Dim 452,0.01527437894,0.008211148137,0.005613644791,0.005556173526,0.008663836348
Dim 762,0.01281979978,0.01016358679,0.002977382277,,0.008653589615
Dim 395,0.02030589544,0.006861557104,0.003008898776,0.00439747868,0.0086434575
Dim 281,0.0133277716,0.007220539231,0.0059936967,0.008014460512,0.00863911701
Dim 615,0.007539859103,0.01243562557,0.005941787171,,0.008639090614
Dim 174,0.006937337783,0.02122538625,0.003463107156,0.002908787542,0.008633654682
Dim 95,0.006865035224,0.0136837322,0.002543566926,0.0113570634,0.008612349439
Dim 694,0.0049684835,0.01912299303,0.001731553578,,0.008607676704
Dim 459,0.005324434557,0.01179491063,0.005658138673,0.0116240267,0.00860037764
Dim 313,0.0173655914,0.005458951833,0.003950685947,0.007602892102,0.00859453032
Dim 398,0.01337782722,0.01104362314,0.00355209492,0.006240266963,0.008553453061
Dim 295,0.01120875046,0.01771129961,0.002204301075,0.003038561364,0.008540728127
Dim 631,0.008134964776,0.01355346865,0.003883945124,,0.008524126182
Dim 494,0.02180385614,0.006010299909,0.003470522803,0.002795698925,0.008520094443
Dim 381,0.008817204301,0.0143729173,0.003850574713,0.007000370782,0.008510266773
Dim 172,0.01713385243,0.008018782187,0.002150537634,0.006709306637,0.008503119722
Dim 181,0.005469039674,0.008177824902,0.001301446051,0.01894697812,0.008473822188
Dim 31,0.008715239155,0.01256588912,0.007213570634,0.005389321468,0.008471005095
Dim 227,0.004890619207,0.01085277189,0.008665183537,0.009421579533,0.008457538541
Dim 101,0.007586206897,0.01161466222,0.003515016685,0.01111420096,0.008457521692
Dim 480,0.00733592881,0.01328536807,0.003292547275,0.009855394883,0.00844230976
Dim 888,,,0.008439006303,,0.008439006303
Dim 642,0.01301631442,0.008903362617,0.003394512421,,0.008438063154
Dim 498,0.008409343715,0.01128597395,0.003325917686,0.01073044123,0.008437919145
Dim 385,0.006826103077,0.009369887913,0.007712272896,0.009842417501,0.008437670347
Dim 663,0.01112161661,0.007090275674,0.007096774194,,0.00843622216
Dim 643,0.01593622544,0.007444713723,0.0019243604,,0.008435099853
Dim 515,0.01652762329,0.006407149349,0.002339636633,,0.008424803089
Dim 695,0.006097515758,0.01483186913,0.00433444568,,0.008421276856
Dim 522,0.004466073415,0.01380793699,0.006963292547,,0.008412434317
Dim 196,0.01224879496,0.007876401091,0.009508713385,0.003982202447,0.00840402797
Dim 564,0.01378754171,0.008648894274,0.002741935484,,0.00839279049
Dim 548,0.006588802373,0.009983338382,0.008594734891,,0.008388958549
Dim 431,0.008568780126,0.008503483793,0.00446051168,0.01198368558,0.008379115294
Dim 650,0.005007415647,0.01271432899,0.007384130515,,0.008368625051
Dim 481,0.006483129403,0.006828233869,0.005166852058,0.01498516871,0.008365846009
Dim 518,0.0152688172,0.006990305968,0.002823507601,,0.008360876924
Dim 317,0.010315165,0.01736292033,0.001768631813,0.003982202447,0.008357229896
Dim 556,0.006088246199,0.007823386852,0.01115313311,,0.008354922054
Dim 81,0.009060066741,0.006555589215,0.006256952169,0.0115461624,0.008354692632
Dim 18,0.01912309974,0.007949106331,0.00376344086,0.002478680015,0.008328581737
Dim 10,0.009464219503,0.01714328991,0.002250648869,0.004430849092,0.008322251844
Dim 716,0.006401557286,0.01654801575,0.002017055988,,0.008322209676
Dim 134,0.01217093066,0.008335352923,0.007628846867,0.005090841676,0.008306493032
Dim 39,0.005215053763,0.0147364435,0.009638487208,0.003635520949,0.008306376356
Dim 53,0.01215609937,0.0112541654,0.001579532814,0.008197997775,0.008296948841
Dim 217,0.007083796811,0.008945774008,0.002172784575,0.01497033741,0.008293173202
Dim 72,0.009629217649,0.01772341715,0.002055988135,0.003717093066,0.008281428999
Dim 104,0.01581572117,0.006628294456,0.002604746014,0.007995921394,0.008261170759
Dim 991,,,0.008251761216,,0.008251761216
Dim 472,0.01137931034,0.006369282036,0.008040415276,0.007209862811,0.008249717617
Dim 959,,,0.008246199481,,0.008246199481
Dim 169,0.01585279941,0.008018782187,0.004221357063,0.004823878383,0.00822920426
Dim 726,0.003483500185,0.01893517116,0.002239525399,,0.008219398915
Dim 218,0.01817575083,0.007482581036,0.004328883945,0.002862439748,0.008212413891
Dim 230,0.006681497961,0.009946985762,0.004523544679,0.01164812755,0.008200038988
Dim 897,,,0.008188728217,,0.008188728217
Dim 875,,,0.008183166481,,0.008183166481
Dim 523,0.009708935855,0.01124810663,0.00358361142,,0.00818021797
Dim 373,0.004527252503,0.01689942442,0.00191323693,0.009286243975,0.008156539456
Dim 366,0.00563403782,0.01694637988,0.003613274008,0.006394141639,0.008146958338
Dim 29,0.007326659251,0.0189669797,0.003507601038,0.002767890248,0.00814228256
Dim 362,0.01090285502,0.01207967283,0.004015572859,0.005543196144,0.008135324213
Dim 102,0.006153133111,0.008146016359,0.003190582128,0.0150315165,0.008130312024
Dim 940,,,0.008123841305,,0.008123841305
Dim 306,0.006156840934,0.00913965465,0.003574341861,0.01361883574,0.008122418297
Dim 424,0.00492584353,0.02318236898,0.001753800519,0.002595476455,0.008114372371
Dim 451,0.005789766407,0.01130717964,0.01011123471,0.005172413793,0.008095148637
Dim 354,0.009731182796,0.008621629809,0.01151835373,0.00248424175,0.00808885202
Dim 246,0.01193733778,0.01411390488,0.00191323693,0.004328883945,0.008073340884
Dim 200,0.01390248424,0.006908512572,0.002704857249,0.008767148684,0.008070750687
Dim 379,0.004395624768,0.01596182975,0.008832035595,0.003079347423,0.008067209384
Dim 440,0.01684278828,0.008886701,0.00275862069,0.003705969596,0.008048519892
Dim 410,0.005652576937,0.009971220842,0.001761216166,0.0147163515,0.008025341362
Dim 784,,,0.008008898776,,0.008008898776
Dim 595,0.005830552466,0.01551196607,0.00266407119,,0.008002196576
Dim 533,0.01328883945,0.006440472584,0.004265850945,,0.00799838766
Dim 558,0.004697812384,0.01174644047,0.007471264368,,0.007971839075
Dim 844,,,0.007944011865,,0.007944011865
Dim 248,0.004836855766,0.01281581339,0.008487208009,0.00563403782,0.007943478746
Dim 640,0.00703003337,0.007294759164,0.009495736003,,0.007940176179
Dim 803,,,0.007934742306,,0.007934742306
Dim 123,0.005040786059,0.009036655559,0.0103003337,0.007354467927,0.007933060812
Dim 189,0.009267704857,0.01264465314,0.003596588802,0.006180941787,0.007922472146
Dim 370,0.005619206526,0.0101211754,0.001920652577,0.01401928068,0.007920078797
Dim 294,0.01127363737,0.01303089973,0.00163885799,0.005734149055,0.007919386037
Dim 271,0.007584352985,0.01081793396,0.002189469781,0.01094734891,0.007884776408
Dim 178,0.004803485354,0.006800969403,0.01261216166,0.007280311457,0.007874231969
Dim 99,0.006434927697,0.01302484096,0.002059695958,0.009972191324,0.007872913984
Dim 863,,,0.00786429366,,0.00786429366
Dim 689,0.008989618094,0.01089972736,0.003680014831,,0.007856453427
Dim 401,0.01089543938,0.008494395638,0.001883574342,0.01011865035,0.007848014927
Dim 109,0.004790507972,0.01520448349,0.008628105302,0.002701149425,0.007831061547
Dim 588,0.006040044494,0.01401696456,0.003407489803,,0.007821499618
Dim 110,0.01673155358,0.008168736746,0.003668891361,0.002673340749,0.007810630609
Dim 730,0.01287541713,0.005354438049,0.005189098999,,0.007806318059
Dim 414,0.01272154245,0.005471069373,0.003303670745,0.009720059325,0.007804085474
Dim 656,0.004996292176,0.01360496819,0.004796069707,,0.007799110025
Dim 919,,,0.007797552836,,0.007797552836
Dim 720,0.006657397108,0.01512420479,0.001585094549,,0.007788898815
Dim 582,0.005014831294,0.005955770978,0.01239525399,,0.007788618753
Dim 534,0.007975528365,0.01138139958,0.003982202447,,0.007779710129
Dim 84,0.0176974416,0.008795819449,0.002052280311,0.002549128661,0.007773667506
Dim 441,0.005710048202,0.008073311118,0.001651835373,0.01564145347,0.00776916204
Dim 687,0.006954022989,0.0137246289,0.002595476455,,0.007758042781
Dim 641,0.004898034854,0.01130717964,0.007002224694,,0.007735813063
Dim 224,0.008131256952,0.005190851257,0.006023359288,0.01158880237,0.007733567468
Dim 869,,,0.007730812013,,0.007730812013
Dim 801,,,0.007680756396,,0.007680756396
Dim 180,0.00758991472,0.008153589821,0.006751946607,0.008222098628,0.007679387444
Dim 462,0.003741193919,0.008064222963,0.002276603634,0.01660734149,0.007672340502
Dim 928,,,0.007665925102,,0.007665925102
Dim 348,0.004356692621,0.01036049682,0.001722284019,0.01416573971,0.007651303293
Dim 665,0.01048016314,0.007909724326,0.004532814238,,0.007640900569
Dim 601,0.007975528365,0.0124098758,0.002525027809,,0.007636810656
Dim 611,0.0124286244,0.006488942745,0.003976640712,,0.007631402618
Dim 789,,,0.007606599926,,0.007606599926
Dim 607,0.01087504635,0.007706755529,0.004210233593,,0.007597345156
Dim 639,0.008331479422,0.006117843078,0.00834074898,,0.007596690493
Dim 55,0.005183537264,0.008005149955,0.0030126066,0.01416573971,0.007591758382
Dim 314,0.006090100111,0.007988488337,0.004273266593,0.01196700037,0.007579713853
Dim 211,0.004276974416,0.006270827022,0.002213570634,0.01755654431,0.007579479095
Dim 201,0.01100482017,0.009154801575,0.002358175751,0.007736373749,0.007563542811
Dim 222,0.01066740823,0.008939715238,0.007054134223,0.003489061921,0.007537579903
Dim 445,0.01009825732,0.007264465314,0.0029810901,0.009786800148,0.007532653221
Dim 690,0.0070189099,0.005621023932,0.009953652206,,0.007531195346
Dim 291,0.01465888024,0.007284156316,0.002654801631,0.005520949203,0.007529696847
Dim 129,0.006218020022,0.01149954559,0.006616611049,0.005784204672,0.007529595334
Dim 237,0.006318131257,0.006902453802,0.001785317019,0.01507044865,0.007519087681
Dim 636,0.007486095662,0.01153135414,0.003515016685,,0.007510822161
Dim 486,0.01319985169,0.007116025447,0.002575083426,0.007150537634,0.007510374549
Dim 242,0.009873934001,0.006470766434,0.008637374861,0.005051909529,0.007508496206
Dim 781,,,0.007508342603,,0.007508342603
Dim 657,0.01180200222,0.008879127537,0.001816833519,,0.007499321094
Dim 513,0.01089543938,0.009094213875,0.002493511309,,0.007494388187
Dim 684,0.01342602892,0.005969403211,0.003068223953,,0.007487885362
Dim 284,0.004506859473,0.0119630415,0.008926585095,0.004551353356,0.007486959857
Dim 93,0.006366332963,0.009186610118,0.002721542455,0.01161290323,0.00747184719
Dim 795,,,0.007460140897,,0.007460140897
Dim 561,0.007026325547,0.0121660103,0.003183166481,,0.007458500776
Dim 864,,,0.007458286986,,0.007458286986
Dim 412,0.005875046348,0.01504392608,0.002022617723,0.006878012607,0.00745490069
Dim 23,0.008114571746,0.005960315056,0.006358917316,0.009343715239,0.007444379839
Dim 624,0.00723025584,0.01189639503,0.003120133482,,0.007415594784
Dim 532,0.004477196885,0.01418206604,0.003585465332,,0.007414909419
Dim 26,0.009764553207,0.008930627083,0.001885428254,0.009054505006,0.007408778387
Dim 530,0.01152020764,0.008097546198,0.002602892102,,0.00740688198
Dim 65,0.00840378198,0.007194789458,0.004432703003,0.009582869855,0.007403536074
Dim 545,0.005441230997,0.01443804908,0.002313681869,,0.007397653981
Dim 301,0.01566740823,0.008282338685,0.001750092696,0.003854282536,0.007388530537
Dim 557,0.007361883574,0.01184792487,0.002944011865,,0.00738460677
Dim 764,0.008997033741,0.01100424114,0.002143121987,,0.007381465623
Dim 473,0.005839822024,0.006652529537,0.006175380052,0.01082869855,0.007374107542
Dim 346,0.00688172043,0.007016055741,0.01056544308,0.005025954765,0.007372293505
Dim 966,,,0.007354467927,,0.007354467927
Dim 635,0.007426770486,0.007805210542,0.006827956989,,0.007353312672
Dim 715,0.005415276233,0.01267646168,0.003913607712,,0.007335115208
Dim 326,0.003761586948,0.007926385944,0.0114979607,0.006123470523,0.007327351028
Dim 628,0.007415647015,0.01195395335,0.00257879125,,0.007316130537
Dim 90,0.008592880979,0.01056952439,0.002295142751,0.007736373749,0.007298480466
Dim 158,0.005830552466,0.01149954559,0.00308676307,0.008674453096,0.007272828556
Dim 33,0.009160177976,0.01252499243,0.00517982944,0.002209862811,0.007268715663
Dim 420,0.00773822766,0.01673735232,0.002007786429,0.00258991472,0.007268320282
Dim 855,,,0.007263626251,,0.007263626251
Dim 457,0.0162940304,0.006352620418,0.00194475343,0.004430849092,0.007255563336
Dim 622,0.009236188357,0.008405028779,0.004106414535,,0.007249210557
Dim 527,0.00510567297,0.007105422599,0.009514275121,,0.00724179023
Dim 598,0.00773822766,0.00852014541,0.005459770115,,0.007239381062
Dim 203,0.01114571746,0.006416237504,0.007326659251,0.004067482388,0.007239024152
Dim 20,0.008896922506,0.006814601636,0.007424916574,0.005695216908,0.007207914406
Dim 685,0.008325917686,0.01138897304,0.001768631813,,0.007161174179
Dim 184,0.005702632555,0.009806119358,0.01018724509,0.002934742306,0.007157684826
Dim 9,0.01098813496,0.009459254771,0.004801631442,0.003362995921,0.007153004275
Dim 331,0.009836855766,0.007072099364,0.00284390063,0.008845012977,0.007149467184
Dim 391,0.004056358917,0.005719478946,0.006774193548,0.01199295514,0.007135746637
Dim 216,0.008227660363,0.007220539231,0.002352614016,0.01065813867,0.007114738071
Dim 30,0.004758991472,0.008149045744,0.007756766778,0.007780867631,0.007111417906
Dim 953,,,0.007080088988,,0.007080088988
Dim 371,0.01041713014,0.007690093911,0.007677048572,0.00251575825,0.007075007719
Dim 16,0.006724137931,0.01286882763,0.004508713385,0.004171301446,0.007068245098
Dim 193,0.005087133852,0.007920327174,0.00677604746,0.008427882833,0.00705284783
Dim 25,0.004213941416,0.009122993032,0.004449388209,0.01038561364,0.007042984076
Dim 487,0.003902484242,0.01401696456,0.005048201706,0.005176121617,0.00703594303
Dim 673,0.01117723396,0.006782793093,0.00312940304,,0.007029810032
Dim 447,0.003479792362,0.005919418358,0.005283648498,0.01340934372,0.007023050733
Dim 267,0.01210604375,0.0111345047,0.001946607341,0.002892102336,0.007019814531
Dim 34,0.006186503522,0.007229627386,0.01033555803,0.004319614386,0.00701782583
Dim 305,0.01097330367,0.01251438958,0.001803856136,0.002777159807,0.007017177298
Dim 659,0.008170189099,0.007111481369,0.005763811643,,0.007015160704
Dim 276,0.004425287356,0.006476825204,0.007182054134,0.009936967,0.007005283424
Dim 521,0.006451612903,0.01151923659,0.003042269188,,0.007004372895
Dim 606,0.004627363737,0.009310814905,0.006991101224,,0.006976426622
Dim 824,,,0.00697626993,,0.00697626993
Dim 278,0.007986651835,0.007653741291,0.002855024101,0.009403040415,0.006974614411
Dim 213,0.005630329996,0.009033626174,0.003863552095,0.009341861327,0.006967342398
Dim 467,0.008377827215,0.007847621933,0.009152762329,0.002454579162,0.00695819766
Dim 41,0.01357434186,0.006511663132,0.001816833519,0.005841675936,0.006936128612
Dim 454,0.006785317019,0.008601938806,0.004935113089,0.00741008528,0.006933113548
Dim 922,,,0.006928068224,,0.006928068224
Dim 559,0.004992584353,0.01074219933,0.005035224323,,0.006923336003
Dim 0,0.004855394883,0.01186761587,0.001644419726,0.009302929181,0.006917589916
Dim 427,0.01159621802,0.008123295971,0.004243604004,0.003698553949,0.006915417986
Dim 3,0.005244716352,0.01186761587,0.006531331109,0.003954393771,0.006899514276
Dim 439,0.004349276974,0.01481369282,0.001844642195,0.00656470152,0.006893078378
Dim 529,0.005895439377,0.007100878522,0.007680756396,,0.006892358098
Dim 568,0.007054134223,0.01025143896,0.003342602892,,0.006882725358
Dim 1011,,,0.006874304783,,0.006874304783
Dim 590,0.004873934001,0.01126476825,0.00442899518,,0.006855899144
Dim 442,0.006377456433,0.006267797637,0.01171301446,0.003064516129,0.006855696165
Dim 790,,,0.00683908046,,0.00683908046
Dim 299,0.009432703003,0.01084671312,0.002122728958,0.004931405265,0.006833387586
Dim 259,0.00644790508,0.008882156922,0.009403040415,0.00257879125,0.006827973417
Dim 916,,,0.006824249166,,0.006824249166
Dim 958,,,0.00681868743,,0.00681868743
Dim 489,0.00843529848,0.008579218419,0.007428624397,0.002808676307,0.006812954401
Dim 584,0.006117908788,0.007990003029,0.006319985169,,0.006809298995
Dim 233,0.006058583611,0.01090881551,0.003021876159,0.00719873934,0.006797003655
Dim 483,0.01299592139,0.009725840654,0.0019243604,0.002504634779,0.006787689307
Dim 252,0.008863552095,0.01182368979,0.001631442343,0.00477753059,0.006774053705
Dim 492,0.004130515387,0.00562556801,0.00358361142,0.01372450871,0.006766050883
Dim 311,0.003993325918,0.009800060588,0.009855394883,0.003405635892,0.00676360432
Dim 662,0.007465702633,0.007744622842,0.005012977382,,0.006741100952
Dim 476,0.007788283278,0.007923356559,0.002482387838,0.00873192436,0.006731488009
Dim 550,0.01124212088,0.006858527719,0.002074527253,,0.006725058615
Dim 732,0.00563403782,0.01259921236,0.001894697812,,0.006709315997
Dim 709,0.008717093066,0.007671917601,0.003715239155,,0.006701416607
Dim 275,0.005239154616,0.007793093002,0.006190211346,0.007530589544,0.006688262127
Dim 37,0.00467185762,0.007290215086,0.00765294772,0.007122728958,0.006684437346
Dim 544,0.006781609195,0.01053771584,0.002706711161,,0.0066753454
Dim 678,0.007688172043,0.007261435929,0.005059325176,,0.006669644383
Dim 873,,,0.006666666667,,0.006666666667
Dim 416,0.01073600297,0.009968191457,0.002334074898,0.00361512792,0.00666334931
Dim 456,0.008453837597,0.006017873372,0.003038561364,0.009141638858,0.006662977798
Dim 35,0.005239154616,0.00696152681,0.008781979978,0.005658138673,0.006660200019
Dim 634,0.00670189099,0.01167524992,0.001549870226,,0.006642337047
Dim 417,0.0089432703,0.007759769767,0.007120875046,0.002736373749,0.006640072216
Dim 318,0.00424916574,0.006987276583,0.003485354097,0.01181497961,0.006634194007
Dim 517,0.01030404153,0.007890033323,0.00170189099,,0.006631988614
Dim 713,0.005157582499,0.01169191154,0.003045977011,,0.006631823684
Dim 979,,,0.006629588432,,0.006629588432
Dim 982,,,0.00662773452,,0.00662773452
Dim 471,0.0107100482,0.007256891851,0.006169818317,0.002322951428,0.006614927449
Dim 555,0.007104189841,0.01098152075,0.001725991843,,0.006603900812
Dim 273,0.006729699666,0.006596485913,0.002890248424,0.01018168335,0.006599529339
Dim 575,0.006535038932,0.006599515298,0.00665925102,,0.006597935083
Dim 758,0.007573229514,0.008332323538,0.003882091212,,0.006595881422
Dim 779,,,0.006588802373,,0.006588802373
Dim 32,0.009076751947,0.005628597395,0.003531701891,0.008109010011,0.006586515311
Dim 583,0.006362625139,0.008913965465,0.004408602151,,0.006561730918
Dim 697,0.009176863181,0.006161769161,0.004332591769,,0.006557074704
Dim 280,0.004163885799,0.01282338685,0.003205413422,0.00582499073,0.006504419201
Dim 77,0.007228401928,0.01300666465,0.002706711161,0.003016314423,0.00648952304
Dim 140,0.005241008528,0.01365949712,0.004008157212,0.003010752688,0.006479853887
Dim 541,0.004579162032,0.01275976977,0.002091212458,,0.006476714752
Dim 502,0.005281794587,0.01357467434,0.00180756396,0.005241008528,0.006476260354
Dim 384,0.01017982944,0.006361708573,0.006219873934,0.003077493511,0.006459726365
Dim 436,0.008311086392,0.006623750379,0.004542083797,0.006358917316,0.006458959471
Dim 173,0.005674823878,0.01035140866,0.003854282536,0.005921394142,0.006450477305
Dim 364,0.007044864664,0.006908512572,0.001761216166,0.01007786429,0.006448114424
Dim 455,0.00609936967,0.008915480158,0.002085650723,0.008602150538,0.006425662772
Dim 290,0.008739340007,0.006132990003,0.007497219132,0.003324063775,0.006423403229
Dim 13,0.007591768632,0.007790063617,0.006229143493,0.00401742677,0.006407100628
Dim 430,0.005255839822,0.007906694941,0.007141268076,0.005307749351,0.006402888047
Dim 971,,,0.006401557286,,0.006401557286
Dim 750,0.00768446422,0.009694032111,0.001772339637,,0.006383611989
Dim 572,0.004219503152,0.01332626477,0.001598071932,,0.006381279951
Dim 880,,,0.006377456433,,0.006377456433
Dim 902,,,0.006377456433,,0.006377456433
Dim 967,,,0.00634223211,,0.00634223211
Dim 980,,,0.00634223211,,0.00634223211
Dim 1020,,,0.006308861698,,0.006308861698
Dim 853,,,0.006308861698,,0.006308861698
Dim 357,0.004145346681,0.008971523781,0.005736002966,0.006351501669,0.006301093774
Dim 738,0.005604375232,0.009672826416,0.003604004449,,0.006293735366
Dim 837,,,0.006292176492,,0.006292176492
Dim 647,0.00783277716,0.009413813996,0.001579532814,,0.006275374657
Dim 646,0.006770485725,0.008962435626,0.003062662217,,0.006265194523
Dim 549,0.008312940304,0.008873068767,0.001592510197,,0.006259506423
Dim 567,0.004408602151,0.006803998788,0.007549128661,,0.006253909867
Dim 122,0.005185391175,0.01173583762,0.001648127549,0.006388579904,0.006239484063
Dim 312,0.006062291435,0.005407452287,0.006266221728,0.007089358547,0.006206330999
Dim 446,0.005166852058,0.007415934565,0.002962550983,0.009121245829,0.006166645859
Dim 993,,,0.00616240267,,0.00616240267
Dim 766,0.005506117909,0.006384428961,0.006592510197,,0.006161019022
Dim 150,0.00911197627,0.01089669797,0.001814979607,0.002791991101,0.006153911237
Dim 190,0.005698924731,0.01272493184,0.001651835373,0.004512421209,0.006147028288
Dim 131,0.007958843159,0.007714328991,0.006084538376,0.002669632925,0.006106835863
Dim 389,0.004771968854,0.01357467434,0.001848350019,0.00411197627,0.006076742371
Dim 46,0.005723025584,0.007161466222,0.008596588802,0.002816091954,0.006074293141
Dim 137,0.004319614386,0.00870039382,0.004388209121,0.006885428254,0.006073411395
Dim 264,0.01244160178,0.006655558922,0.001909529106,0.00325546904,0.006065539712
Dim 263,0.008958101594,0.005752802181,0.002254356693,0.007284019281,0.006062319937
Dim 942,,,0.006060437523,,0.006060437523
Dim 247,0.006750092696,0.00931384429,0.002860585836,0.005305895439,0.006057604565
Dim 340,0.005081572117,0.008156619206,0.001683351872,0.009306637004,0.00605704505
Dim 206,0.004664441973,0.006131475311,0.00421764924,0.009204671858,0.006054559595
Dim 616,0.009655172414,0.006785822478,0.00167037449,,0.006037123127
Dim 686,0.00826659251,0.006437443199,0.00337226548,,0.00602543373
Dim 627,0.007786429366,0.008474704635,0.001809417872,,0.006023517291
Dim 226,0.00504263997,0.008058164193,0.005532072673,0.005446792733,0.006019917392
Dim 143,0.007404523545,0.010019691,0.004024842418,0.002450871339,0.005974982076
Dim 44,0.005489432703,0.00586034535,0.001514645903,0.01099925844,0.005965920598
Dim 51,0.006017797553,0.006460163587,0.002675194661,0.008652206155,0.005951340489
Dim 225,0.003014460512,0.01179339594,0.004130515387,0.004857248795,0.005948905159
Dim 578,0.005730441231,0.008868524689,0.003236929922,,0.005945298614
Dim 931,,,0.0059306637,,0.0059306637
Dim 105,0.01182424917,0.006710087852,0.00230441231,0.002797552836,0.005909075541
Dim 205,0.003707823508,0.008418661012,0.007046718576,0.004425287356,0.005899622613
Dim 1012,,,0.005899147201,,0.005899147201
Dim 797,,,0.005891731554,,0.005891731554
Dim 1002,,,0.005873192436,,0.005873192436
Dim 951,,,0.005869484613,,0.005869484613
Dim 591,0.005604375232,0.009015449864,0.002982944012,,0.005867589702
Dim 692,0.005363366704,0.005899727355,0.006271783463,,0.005844959174
Dim 108,0.008166481275,0.007830960315,0.00393214683,0.003431590656,0.005840294769
Dim 183,0.005220615499,0.00852014541,0.004019280682,0.00549684835,0.005814222485
Dim 388,0.004512421209,0.006690396849,0.001677790137,0.01035780497,0.005809603291
Dim 927,,,0.005808305525,,0.005808305525
Dim 823,,,0.005797182054,,0.005797182054
Dim 361,0.006002966259,0.01015601333,0.002691879867,0.004319614386,0.00579261846
Dim 536,0.005504263997,0.009563768555,0.002306266222,,0.005791432925
Dim 286,0.007905079718,0.006631323841,0.001592510197,0.006967000371,0.005773978532
Dim 740,0.006058583611,0.009301726749,0.001889136077,,0.005749815479
Dim 809,,,0.005747126437,,0.005747126437
Dim 1010,,,0.005736002966,,0.005736002966
Dim 718,0.008448275862,0.006873674644,0.001885428254,,0.00573579292
Dim 525,0.006425658139,0.006526810058,0.004232480534,,0.005728316243
Dim 886,,,0.005700778643,,0.005700778643
Dim 14,0.004827586207,0.008202059982,0.003123841305,0.006648127549,0.005700403761
Dim 482,0.00461994809,0.006994850045,0.008290693363,0.002893956248,0.005699861937
Dim 207,0.004558769003,0.0134004847,0.002130144605,0.00269558769,0.0056962465
Dim 386,0.003685576567,0.01337473493,0.002753058954,0.002942157953,0.005688882101
Dim 612,0.006214312199,0.008673129355,0.00216722284,,0.005684888131
Dim 520,0.004760845384,0.009669797031,0.002486095662,,0.005638912692
Dim 405,0.006242120875,0.008779157831,0.002220986281,0.005237300704,0.005619891423
Dim 691,0.005090841676,0.009383520145,0.002356321839,,0.005610227887
Dim 512,0.006423804227,0.006116328385,0.004282536151,,0.005607556255
Dim 86,0.003854282536,0.01066949409,0.001718576196,0.006166110493,0.005602115829
Dim 1017,,,0.005589543938,,0.005589543938
Dim 124,0.005300333704,0.006128445925,0.003114571746,0.007814238042,0.005589397355
Dim 693,0.005889877642,0.008653438352,0.002222840193,,0.005588718729
Dim 947,,,0.005582128291,,0.005582128291
Dim 404,0.00747311828,0.008442896092,0.003007044865,0.003394512421,0.005579392914
Dim 876,,,0.005550611791,,0.005550611791
Dim 78,0.00396366333,0.0103635262,0.003568780126,0.004263997034,0.005539991673
Dim 516,0.005113088617,0.007780975462,0.003702261772,,0.005532108617
Dim 973,,,0.005524657026,,0.005524657026
Dim 648,0.004783092325,0.007287185701,0.004499443826,,0.005523240618
Dim 918,,,0.005522803115,,0.005522803115
Dim 496,0.004184278828,0.01092093305,0.003248053393,0.003687430478,0.005510173937
Dim 510,0.006292176492,0.00654044229,0.00194475343,0.007258064516,0.005508859182
Dim 478,0.005520949203,0.009533474705,0.002454579162,0.004488320356,0.005499330856
Dim 43,0.005685947349,0.008644350197,0.003600296626,0.004058212829,0.00549720175
Dim 645,0.007298850575,0.007393214178,0.001792732666,,0.005494932473
Dim 234,0.006935483871,0.00671463193,0.002630700779,0.005667408231,0.005487056203
Dim 232,0.005342973674,0.01139806119,0.002193177605,0.002997775306,0.005482996945
Dim 433,0.006117908788,0.006304150257,0.00655357805,0.002953281424,0.00548222963
Dim 49,0.004167593623,0.008965465011,0.001620318873,0.007169076752,0.005480613564
Dim 1003,,,0.00546533185,,0.00546533185
Dim 208,0.005463477938,0.008053620115,0.005229885057,0.003096032629,0.005460753935
Dim 661,0.004538375973,0.009797031203,0.00203003337,,0.005455146849
Dim 874,,,0.005430107527,,0.005430107527
Dim 960,,,0.005428253615,,0.005428253615
Dim 841,,,0.005407860586,,0.005407860586
Dim 138,0.00552836485,0.008618600424,0.00153318502,0.005858361142,0.005384627859
Dim 540,0.005235446793,0.006069372917,0.004794215795,,0.005366345168
Dim 954,,,0.005365220615,,0.005365220615
Dim 840,,,0.005342973674,,0.005342973674
Dim 327,0.007397107898,0.006537412905,0.001848350019,0.005500556174,0.005320856749
Dim 961,,,0.005315164998,,0.005315164998
Dim 380,0.003249907304,0.006023932142,0.007170930664,0.004760845384,0.005301403873
Dim 463,0.004568038561,0.006687367464,0.003461253244,0.006433073786,0.005287433264
Dim 450,0.004367816092,0.009357770373,0.004469781238,0.002814238042,0.005252401436
Dim 881,,,0.005233592881,,0.005233592881
Dim 194,0.005229885057,0.006776734323,0.005776789025,0.003136818687,0.005230056773
Dim 408,0.004375231739,0.01029082096,0.002821653689,0.003390804598,0.005219627747
Dim 231,0.005064886911,0.007868827628,0.003275862069,0.004664441973,0.005218504645
Dim 675,0.004812754913,0.006660102999,0.004130515387,,0.005201124433
Dim 926,,,0.00517982944,,0.00517982944
Dim 514,0.003998887653,0.007682520448,0.003854282536,,0.005178563546
Dim 704,0.004173155358,0.009474401696,0.001852057842,,0.005166538299
Dim 298,0.004940674824,0.009456225386,0.003463107156,0.002804968484,0.005166243962
Dim 799,,,0.005152020764,,0.005152020764
Dim 352,0.008413051539,0.007116025447,0.001631442343,0.003375973304,0.005134123158
Dim 365,0.006546162403,0.009233565586,0.001989247312,0.002754912866,0.005130972042
Dim 898,,,0.00511679644,,0.00511679644
Dim 753,0.006790878754,0.006204180551,0.002337782722,,0.005110947342
Dim 537,0.003872821654,0.005678582248,0.005752688172,,0.005101364025
Dim 1,0.006677790137,0.006731293547,0.004351130886,0.00262143122,0.005095411448
Dim 859,,,0.005090841676,,0.005090841676
Dim 989,,,0.005072302558,,0.005072302558
Dim 302,0.008861698183,0.006219327477,0.002091212458,0.003101594364,0.005068458121
Dim 392,0.00514831294,0.01024689488,0.001592510197,0.003259176863,0.00506172372
Dim 728,0.005324434557,0.005813389882,0.004015572859,,0.005051132433
Dim 782,,,0.004970337412,,0.004970337412
Dim 22,0.008450129774,0.006235989094,0.00185020393,0.003170189099,0.004926627974
Dim 185,0.008288839451,0.006990305968,0.001687059696,0.002697441602,0.004915911679
Dim 905,,,0.004907304412,,0.004907304412
Dim 939,,,0.004881349648,,0.004881349648
Dim 842,,,0.004872080089,,0.004872080089
Dim 1015,,,0.004840563589,,0.004840563589
Dim 145,0.004165739711,0.00651014844,0.0060252132,0.002645532073,0.004836658356
Dim 469,0.006742677049,0.007927900636,0.001700037078,0.002803114572,0.004793432334
Dim 321,0.004171301446,0.009044229022,0.001811271783,0.004093437152,0.004780059851
Dim 780,,,0.004773822766,,0.004773822766
Dim 289,0.005226177234,0.006284459255,0.003077493511,0.004360400445,0.004737132611
Dim 676,0.006729699666,0.005695243865,0.001768631813,,0.004731191782
Dim 944,,,0.004708935855,,0.004708935855
Dim 699,0.003518724509,0.008330808846,0.002152391546,,0.0046673083
Dim 219,0.006008527994,0.006670705847,0.001794586578,0.004149054505,0.004655718731
Dim 437,0.006855765666,0.007335655862,0.001814979607,0.002504634779,0.004627758978
Dim 539,0.006475713756,0.005369584974,0.001959584724,,0.004601627818
Dim 569,0.004338153504,0.007478036958,0.001965146459,,0.004593778974
Dim 938,,,0.004571746385,,0.004571746385
Dim 737,0.005478309232,0.005978491366,0.002026325547,,0.004494375382
Dim 848,,,0.004490174268,,0.004490174268
Dim 770,,,0.004488320356,,0.004488320356
Dim 554,0.004983314794,0.00628142987,0.00219873934,,0.004487828001
Dim 913,,,0.004469781238,,0.004469781238
Dim 1008,,,0.004456803856,,0.004456803856
Dim 957,,,0.004441972562,,0.004441972562
Dim 1014,,,0.004410456062,,0.004410456062
Dim 319,0.005674823878,0.005954256286,0.002962550983,0.003007044865,0.004399669003
Dim 835,,,0.004384501298,,0.004384501298
Dim 903,,,0.004362254357,,0.004362254357
Dim 775,,,0.004338153504,,0.004338153504
Dim 805,,,0.004315906563,,0.004315906563
Dim 834,,,0.004275120504,,0.004275120504
Dim 367,0.003711531331,0.007050893669,0.004195402299,0.002104189841,0.004265504285
Dim 266,0.004755283648,0.006322326568,0.003003337041,0.002892102336,0.004243262398
Dim 304,0.005459770115,0.007132687065,0.001772339637,0.002486095662,0.004212723119
Dim 806,,,0.004191694475,,0.004191694475
Dim 884,,,0.004167593623,,0.004167593623
Dim 1018,,,0.004163885799,,0.004163885799
Dim 906,,,0.00414349277,,0.00414349277
Dim 941,,,0.004093437152,,0.004093437152
Dim 899,,,0.004084167594,,0.004084167594
Dim 964,,,0.004071190211,,0.004071190211
Dim 429,0.003956247683,0.006366252651,0.001974416018,0.00383759733,0.00403362842
Dim 669,0.004106414535,0.006116328385,0.001876158695,,0.004032967205
Dim 811,,,0.003924731183,,0.003924731183
Dim 827,,,0.003922877271,,0.003922877271
Dim 997,,,0.003883945124,,0.003883945124
Dim 995,,,0.003789395625,,0.003789395625
Dim 893,,,0.003774564331,,0.003774564331
Dim 858,,,0.003715239155,,0.003715239155
Dim 976,,,0.003702261772,,0.003702261772
Dim 936,,,0.003696700037,,0.003696700037
Dim 839,,,0.003637374861,,0.003637374861
Dim 1001,,,0.003635520949,,0.003635520949
Dim 851,,,0.003607712273,,0.003607712273
Dim 998,,,0.00357248795,,0.00357248795
Dim 832,,,0.003555802744,,0.003555802744
Dim 831,,,0.003548387097,,0.003548387097
Dim 804,,,0.00354097145,,0.00354097145
Dim 988,,,0.003507601038,,0.003507601038
Dim 830,,,0.003502039303,,0.003502039303
Dim 1021,,,0.003463107156,,0.003463107156
Dim 962,,,0.003316648128,,0.003316648128
Dim 952,,,0.003294401187,,0.003294401187
Dim 814,,,0.003292547275,,0.003292547275
Dim 817,,,0.003288839451,,0.003288839451
Dim 892,,,0.003285131628,,0.003285131628
Dim 975,,,0.003275862069,,0.003275862069
Dim 909,,,0.003222098628,,0.003222098628
Dim 963,,,0.003197997775,,0.003197997775
Dim 802,,,0.003168335187,,0.003168335187
Dim 925,,,0.003144234334,,0.003144234334
Dim 949,,,0.003121987393,,0.003121987393
Dim 808,,,0.003088616982,,0.003088616982
Dim 930,,,0.003068223953,,0.003068223953
Dim 932,,,0.003066370041,,0.003066370041
Dim 923,,,0.003064516129,,0.003064516129
Dim 935,,,0.003062662217,,0.003062662217
Dim 870,,,0.003060808306,,0.003060808306
Dim 796,,,0.003032999629,,0.003032999629
Dim 983,,,0.003003337041,,0.003003337041
Dim 821,,,0.002999629218,,0.002999629218
Dim 872,,,0.002990359659,,0.002990359659
Dim 1019,,,0.002971820541,,0.002971820541
Dim 904,,,0.002947719689,,0.002947719689
Dim 815,,,0.00293845013,,0.00293845013
Dim 838,,,0.002929180571,,0.002929180571
Dim 920,,,0.00273822766,,0.00273822766
Dim 877,,,0.002643678161,,0.002643678161
Dim 986,,,0.002638116426,,0.002638116426
Dim 933,,,0.002563959956,,0.002563959956
Dim 1006,,,0.002532443456,,0.002532443456
Dim 878,,,0.002525027809,,0.002525027809
Dim 908,,,0.002437893956,,0.002437893956
Dim 883,,,0.002393400074,,0.002393400074
Dim 889,,,0.002385984427,,0.002385984427
Dim 946,,,0.002382276604,,0.002382276604
Dim 968,,,0.002358175751,,0.002358175751
Dim 833,,,0.002356321839,,0.002356321839
Dim 887,,,0.002321097516,,0.002321097516
Dim 865,,,0.00230441231,,0.00230441231
Dim 776,,,0.002287727104,,0.002287727104
Dim 965,,,0.002274749722,,0.002274749722
Dim 978,,,0.00226177234,,0.00226177234
Dim 990,,,0.00226177234,,0.00226177234
Dim 977,,,0.002254356693,,0.002254356693
Dim 810,,,0.002235817575,,0.002235817575
Dim 890,,,0.002219132369,,0.002219132369
Dim 852,,,0.002195031516,,0.002195031516
Dim 785,,,0.002185761958,,0.002185761958
Dim 818,,,0.002182054134,,0.002182054134
Dim 950,,,0.002174638487,,0.002174638487
Dim 992,,,0.002172784575,,0.002172784575
Dim 948,,,0.002170930664,,0.002170930664
Dim 854,,,0.00216722284,,0.00216722284
Dim 915,,,0.002107897664,,0.002107897664
Dim 836,,,0.002089358547,,0.002089358547
Dim 768,,,0.002085650723,,0.002085650723
Dim 895,,,0.002078235076,,0.002078235076
Dim 791,,,0.002065257694,,0.002065257694
Dim 894,,,0.00206154987,,0.00206154987
Dim 970,,,0.002059695958,,0.002059695958
Dim 820,,,0.002048572488,,0.002048572488
Dim 812,,,0.002044864664,,0.002044864664
Dim 794,,,0.002035595106,,0.002035595106
Dim 969,,,0.002015202076,,0.002015202076
Dim 846,,,0.002007786429,,0.002007786429
Dim 945,,,0.002000370782,,0.002000370782
Dim 955,,,0.002000370782,,0.002000370782
Dim 1009,,,0.001994809047,,0.001994809047
Dim 901,,,0.0019873934,,0.0019873934
Dim 807,,,0.001968854283,,0.001968854283
Dim 845,,,0.001965146459,,0.001965146459
Dim 849,,,0.001961438636,,0.001961438636
Dim 937,,,0.00194475343,,0.00194475343
Dim 843,,,0.00194475343,,0.00194475343
Dim 984,,,0.001941045606,,0.001941045606
Dim 900,,,0.001926214312,,0.001926214312
Dim 924,,,0.001918798665,,0.001918798665
Dim 1000,,,0.001909529106,,0.001909529106
Dim 850,,,0.001889136077,,0.001889136077
Dim 914,,,0.001883574342,,0.001883574342
Dim 1013,,,0.00183908046,,0.00183908046
Dim 921,,,0.001835372636,,0.001835372636
Dim 813,,,0.001831664813,,0.001831664813
Dim 816,,,0.001822395254,,0.001822395254
Dim 943,,,0.001805710048,,0.001805710048
Dim 783,,,0.001800148313,,0.001800148313
Dim 772,,,0.001794586578,,0.001794586578
Dim 861,,,0.001783463107,,0.001783463107
Dim 1004,,,0.001772339637,,0.001772339637
Dim 910,,,0.001766777901,,0.001766777901
Dim 896,,,0.001761216166,,0.001761216166
Dim 866,,,0.001748238784,,0.001748238784
Dim 856,,,0.001748238784,,0.001748238784
Dim 956,,,0.00173340749,,0.00173340749
Dim 787,,,0.001731553578,,0.001731553578
Dim 825,,,0.001714868372,,0.001714868372
Dim 987,,,0.001713014461,,0.001713014461
Dim 778,,,0.001703744902,,0.001703744902
Dim 777,,,0.00170189099,,0.00170189099
Dim 798,,,0.001687059696,,0.001687059696
Dim 788,,,0.001681497961,,0.001681497961
Dim 826,,,0.001677790137,,0.001677790137
Dim 885,,,0.001620318873,,0.001620318873
Dim 792,,,0.001559139785,,0.001559139785
Dim 786,,,0.001538746756,,0.001538746756
Dim 871,,,0.001525769373,,0.001525769373
Dim 828,,,0.00138487208,,0.00138487208
Dim 769,,,0.001338524286,,0.001338524286